Date,EqWt_LongOnly,EqWt_LongShort,AccWt_LongOnly,AccWt_LongShort,BnH_EqWt
2023-01-02,1.0,1.0,1.0,1.0,1.0
2023-01-03,1.000511473658877,0.9979849447337076,1.0001790943630313,0.993106270838764,1.0015996483995067
2023-01-04,0.9962885326092177,0.9965073190864788,0.9987009074169555,0.9963827211340924,0.9913860952480426
2023-01-05,0.9962885326092177,1.0067845268605193,0.9987009074169555,1.0586714416689507,0.9929934719384033
2023-01-06,0.9962885326092177,1.0129541906992052,0.9987009074169555,1.0770020126113864,0.9842353799152788
2023-01-09,0.9962885326092177,1.0104262330576053,0.9987009074169555,1.0748212020654988,0.9945220441115729
2023-01-10,0.9962885326092177,1.015059964866968,0.9987009074169555,1.088937960979241,0.9893138881951377
2023-01-11,0.9962885326092177,1.021201837691572,0.9987009074169555,1.0906858807145965,0.9863456103071687
2023-01-12,0.9962885326092177,1.0184682956478428,0.9987009074169555,1.090080763945275,0.9849134485570825
2023-01-13,0.9985098347202105,1.0194721715052426,0.9990517877986069,1.090379293499034,0.9901047718222924
2023-01-16,0.9978479085630837,1.0203526317284564,0.9992441075919685,1.0906928692745468,0.9890253022325997
2023-01-17,1.002497380149765,1.0232773581035677,1.0004685746515587,1.0919075839206964,0.9948412595513716
2023-01-18,1.0054618048663866,1.0273943480597172,1.0011023728993458,1.092671827364922,1.0000949848729372
2023-01-19,1.0058551905513713,1.027516140713162,1.0014101840338345,1.092989234119217,0.9975400819331077
2023-01-20,1.008133449468426,1.0320435312771905,1.0022043993638061,1.0940018437355283,0.9907570531068896
2023-01-23,1.0075931898280135,1.0297074096863739,1.002439627886955,1.0941408934652925,0.9947711605706917
2023-01-24,1.002911705969843,1.0252799266041188,1.0009938942749967,1.0938671751953328,0.9919861793714593
2023-01-25,1.0027305177795416,1.0323595535597871,1.000965397234485,1.1038588392886217,0.9822361899698674
2023-01-26,1.0027305177795416,1.0323595535597871,1.000965397234485,1.1038588392886217,0.9822361899698674
2023-01-27,1.0032140494471922,1.0317180076359531,1.0010414580361549,1.1096541817749428,0.9699145754493098
2023-01-30,1.0062906682411805,1.0280615474195653,1.0015252217522261,1.0663152526943207,0.9691806104467072
2023-01-31,1.0090320888419921,1.0387552669672087,1.0019551690878108,1.0879809869686947,0.9728722495872536
2023-02-01,1.0076761146265514,1.0369240509019937,1.0017429932683526,1.0987639238350007,0.9671404753466829
2023-02-02,1.0040010750897945,1.0380476951858741,1.0011672902463873,1.1146887118748388,0.9657859563898538
2023-02-03,1.0075812506530164,1.0417492778673776,1.0017298620257753,1.1153150731415447,0.9752084953456637
2023-02-06,1.010253395046473,1.0445120371887093,1.002543561364317,1.116221037086201,0.9750513698271374
2023-02-07,1.0090937634432002,1.0433130813878562,1.0023266345650503,1.1159795131602783,0.9717772956405264
2023-02-08,1.0095420027814082,1.0437765209433134,1.0024241301076577,1.116088063631175,0.9799650458927728
2023-02-09,1.0109614769160433,1.0452441307799882,1.0028010273531105,1.1165076969023933,0.9813666721601793
2023-02-10,1.0109308300117308,1.0452124446103461,1.003023051789258,1.1167548964814697,0.9788088794664495
2023-02-13,1.0162174666006039,1.050678356014748,1.0041924365935018,1.1180568767337489,0.9745533458081347
2023-02-14,1.0211639115642026,1.0557925395761232,1.010995964424856,1.1256318502156237,0.9775804608532921
2023-02-15,1.0231427323734896,1.0578384640589058,1.0138649020054153,1.1288260939422001,0.9840853342780499
2023-02-16,1.0231401295966869,1.0578357730194954,1.0144251619024682,1.1294498811843976,0.9894270696249496
2023-02-17,1.0216794973278895,1.0563256093376452,1.0115832213909817,1.1262856956992782,0.9851947729849322
2023-02-20,1.0174281748172302,1.0519301204849194,1.0054267758707702,1.1194311765859308,0.981220520981916
2023-02-21,1.0247922819239057,1.0595439513849536,1.0132906191300715,1.1281866936693334,0.9786996939416109
2023-02-22,1.0121493387537646,1.0464722741290728,0.9996840305458645,1.1130372667456792,0.9664386387976247
2023-02-23,1.0113222889696165,1.0456171783094175,0.9988999882893553,1.1121643226718185,0.9650176732084836
2023-02-24,1.0140853225439652,1.0484739089491903,1.001117573225685,1.11463335748771,0.9649386586729606
2023-02-27,1.0184216899797869,1.0529573266804226,1.010542380847009,1.1251268352205837,0.9594356444396385
2023-02-28,1.0130987934864601,1.047453925764127,1.006149230530875,1.1202355497034961,0.9540691055444958
2023-03-01,1.0169393503336133,1.051424719503627,1.0096961383071592,1.124184638031494,0.9630602249365823
2023-03-02,1.0123066390585385,1.046634908635025,1.0056397116234592,1.1196682569242413,0.9598734403694724
2023-03-03,1.018457236828106,1.052994078955778,1.0153249247927882,1.1304516673463854,0.9688494966724709
2023-03-06,1.0235441117929103,1.058253454631687,1.0202204648343574,1.1359023080894777,0.9738752239088243
2023-03-07,1.0235441117929103,1.058253454631687,1.0202204648343574,1.1359023080894777,0.9738752239088243
2023-03-08,1.0229469457712084,1.0610827033165064,1.0196111912029486,1.1446661839326113,0.9768013997486468
2023-03-09,1.0208530880637245,1.0583382767703773,1.0174749097204405,1.1406915968223226,0.9707823018622614
2023-03-10,1.0215335063202176,1.0607003751457265,1.0181690803696395,1.1460271655954737,0.9655545595113769
2023-03-13,1.0203645306199502,1.0612646659860905,1.0169764589662347,1.149587977529213,0.953479451910742
2023-03-14,1.0193909442620797,1.0600145792609703,1.0159832060387854,1.1478086663915201,0.9477140935451702
2023-03-15,1.0214979292736714,1.0603892810127586,1.0181327039707693,1.1452176013880788,0.9481858146953323
2023-03-16,1.0209981567271484,1.070940386944122,1.0176228226283894,1.1751575055882968,0.9511870984851624
2023-03-17,1.0234389940816144,1.0735006181097089,1.0201130015290893,1.1780331805047228,0.9563555558022818
2023-03-20,1.0235912568123318,1.0736603287876147,1.020268350994984,1.178212579086177,0.9486061299391583
2023-03-21,1.0226643689769959,1.0726881021381462,1.019322669573426,1.1771204999820857,0.9516419204211284
2023-03-22,1.025237610505868,1.0753872140419962,1.021948030016532,1.1801522834297307,0.9531748434130406
2023-03-23,1.0239546195715514,1.0740414654737058,1.0206389756124443,1.1786405788236824,0.9510654989471425
2023-03-24,1.0247467276261824,1.0748723195755852,1.0214471511414498,1.179573865221771,0.9422528634168018
2023-03-27,1.025733778553838,1.075907652201244,1.0224542422224943,1.180736860603148,0.9433595404065097
2023-03-28,1.0294798570563073,1.0798369705203068,1.024431531477178,1.1830202471946152,0.9388795662051452
2023-03-29,1.0316691243921394,1.0821333260938328,1.0263409100654106,1.1852252101033436,0.9509540410119148
2023-03-30,1.0316691243921394,1.0821333260938328,1.0263409100654106,1.1852252101033436,0.9509540410119148
2023-03-31,1.037165850262448,1.0878989248774231,1.0289606418904789,1.188250493585986,0.9623734694970297
2023-04-03,1.0376693308070117,1.08842703322479,1.030467760230087,1.1899909237229847,0.9664662610882782
2023-04-04,1.0376693308070117,1.08842703322479,1.030467760230087,1.1899909237229847,0.9664662610882782
2023-04-05,1.0398117071148578,1.0906742040908564,1.031688841864566,1.1914010367980705,0.9719107511269375
2023-04-06,1.0401802676275833,1.091060792779102,1.0324263146969026,1.1922526752586244,0.9734635068799832
2023-04-07,1.0401802676275833,1.091060792779102,1.0324263146969026,1.1922526752586244,0.9734635068799832
2023-04-10,1.0425665962702184,1.0935638489335926,1.032019605243784,1.1917830045163826,0.9778996787242795
2023-04-11,1.0461245137791488,1.097295802344697,1.0327510501722494,1.1926276819140362,0.9842356906495836
2023-04-12,1.0419101451526416,1.092875287441845,1.0323890593886687,1.1922096525844856,0.9898716033315118
2023-04-13,1.0487420670262,1.1000413934789943,1.033984601511433,1.1940521950858474,0.990495301693608
2023-04-14,1.0487420670262,1.1000413934789943,1.033984601511433,1.1940521950858474,0.990495301693608
2023-04-17,1.0537349506870601,1.1052785045594578,1.0341563669196139,1.1942505509050525,0.9904055678163064
2023-04-18,1.0462080976105794,1.0973834746878692,1.0327033281341127,1.1925725721916014,0.991476451323702
2023-04-19,1.0433354012455003,1.0943702600835916,1.0321110329716852,1.1918885858558266,0.988446177901711
2023-04-20,1.0472252743998784,1.098450406784803,1.0327675767175772,1.192646766876904,0.9873898526201234
2023-04-21,1.0468878477840597,1.0980964749112447,1.0326353170016553,1.1924940324900601,0.9871564468123797
2023-04-24,1.053135162869058,1.104649378058432,1.0337964422899577,1.1938349075835968,0.9932238833969679
2023-04-25,1.0528352105828622,1.1043347535751982,1.0335636483397077,1.1935660756039983,0.9969233599872765
2023-04-26,1.0499703636141766,1.1013297723213487,1.0329704156258834,1.1928810065777256,0.9990809462287146
2023-04-27,1.0505725697513644,1.1019614354338927,1.0331440938899767,1.193081571375476,1.004537316150009
2023-04-28,1.0632353955393068,1.1152436646522252,1.0352945298016145,1.195564908861285,1.0126183490260332
2023-05-01,1.0632353955393068,1.1152436646522252,1.0352945298016145,1.195564908861285,1.0126183490260332
2023-05-02,1.065972162265973,1.1181143006057972,1.0360055455428112,1.1963859944995774,1.0185174194236748
2023-05-03,1.0663393856676342,1.118499486778053,1.0361009110320525,1.196496123191627,1.0163136571489884
2023-05-04,1.06607823049118,1.118225557169188,1.0360335052815757,1.1964182825891647,1.0230727811539644
2023-05-05,1.0679972135321365,1.1202384074636575,1.0365303113991062,1.1969919975500085,1.0198852262607978
2023-05-08,1.0671820282609523,1.1193833473207955,1.0363179277293124,1.1967467354960601,1.0306268075514102
2023-05-09,1.0692129727440622,1.1215136356629174,1.036844601690719,1.197354942038781,1.0310822242198483
2023-05-10,1.0731278315509467,1.1256199901924064,1.037856047570551,1.1985229663703412,1.034483276684204
2023-05-11,1.058759672680812,1.1105490113481529,0.9783563147975316,1.129812284972578,1.0334293810927841
2023-05-12,1.0546941664762284,1.1062846404879576,0.9662523662309692,1.1158345658324829,1.0305012412305952
2023-05-15,1.0595496519688048,1.1113776325545546,0.9762944809900026,1.127431265777337,1.034226095729358
2023-05-16,1.0622828805109445,1.114244557252939,0.9763762974043112,1.127525747908847,1.0326004373278252
2023-05-17,1.0612773257305337,1.1131898156566575,0.9704681484019205,1.1207029787158758,1.0280329400697974
2023-05-18,1.0567542572121147,1.108445500774819,0.9594959086652793,1.1080321643503683,1.021708377073431
2023-05-19,1.0555304131434189,1.107161792247186,0.9539263926562135,1.1016004507576613,1.0230186495525935
2023-05-22,1.0619818133721521,1.1139287633839785,0.9542253501746963,1.101945688859525,1.0316361309353363
2023-05-23,1.059757125216614,1.1115952543776946,0.9541134785294615,1.1018164987503443,1.03355457067693
2023-05-24,1.0621523065972076,1.1141075963027347,0.9547966251359721,1.1026054009292328,1.0344706735344922
2023-05-25,1.0647361667437683,1.1168178462350533,0.9551684950734691,1.103034838770479,1.037268050016071
2023-05-26,1.0673870666214262,1.1195984151538354,0.9554798314233409,1.1033943720279675,1.0464239459075406
2023-05-29,1.0703490941684435,1.1227053305840358,0.9559536350791172,1.103941523595208,1.051048019777412
2023-05-30,1.0679457093310802,1.1201843839292915,0.9544519524034266,1.1022073705985291,1.0511923336736437
2023-05-31,1.0643955056960117,1.116460521716985,0.9551891297615358,1.1030586678435086,1.0486708648806682
2023-06-01,1.0691807209808908,1.1214798063014222,0.9581749155827121,1.1065066728801602,1.0504455447761134
2023-06-02,1.0702466531501194,1.122597878652727,0.9601106279617104,1.10874204622307,1.056888199690167
2023-06-05,1.0687188899263194,1.1209953847331493,0.9581842824470506,1.1065174897964933,1.0584142273567891
2023-06-06,1.0754945390054858,1.1281024653863607,0.9625218255808042,1.1115265130378136,1.0612192640353446
2023-06-07,1.07928452617307,1.1320778401674247,0.9645345445125436,1.1138508140525687,1.0708459975294373
2023-06-08,1.0746062873407607,1.1271707647997764,0.9610769480142016,1.109857958953439,1.064406951398616
2023-06-09,1.07379064718405,1.1263152275206152,0.9605668048686974,1.1092688423052732,1.0609993324990579
2023-06-12,1.0705921445795417,1.1229602698310792,0.9583940921430195,1.1067597794085973,1.0651591092076333
2023-06-13,1.08671188096346,1.1398685047839892,0.9665324972930188,1.116158063019059,1.0724344656276148
2023-06-14,1.0876228193916861,1.140824001859453,0.9657770865845801,1.1152857097816085,1.0759545890461637
2023-06-15,1.0946734066116446,1.1482194692809908,0.9694059102907048,1.1194762991825957,1.0762711656659751
2023-06-16,1.1060366187330029,1.160138514096101,0.9749452936814774,1.1258732154301934,1.081421538358345
2023-06-19,1.1046100599079005,1.1586421749988287,0.9757310422897034,1.1267806030731684,1.0789121315595016
2023-06-20,1.10509056186595,1.1591461807597503,0.9734794386394184,1.124180436419665,1.0838228986543934
2023-06-21,1.0998319003282446,1.1536302912501641,0.9642524078935069,1.1135250008356385,1.086941143342107
2023-06-22,1.0949848796575894,1.1485461780631265,0.9681866070327076,1.1180682397883277,1.080045945061054
2023-06-23,1.0865310584503427,1.13967883731898,0.953616861945631,1.1012430026642595,1.0716713829482443
2023-06-26,1.0987266421104918,1.1524709692126125,0.9675791964677355,1.1173667980866204,1.0769129457753364
2023-06-27,1.104489805246647,1.1585160380684083,0.9759726225602736,1.1270595815530626,1.0804724184127847
2023-06-28,1.109015738843595,1.163263358174388,0.9818780625177606,1.1338792223232226,1.0893846523862538
2023-06-29,1.109015738843595,1.163263358174388,0.9818780625177606,1.1338792223232226,1.0893846523862538
2023-06-30,1.1096442604512526,1.163922623981356,0.9803074112717258,1.1320654239694554,1.1013605473578905
2023-07-03,1.107386685658946,1.161554619685072,0.979964443449537,1.1316693624804064,1.1048529054538696
2023-07-04,1.108684693472829,1.1629161196851425,0.9766900715070427,1.1278880962993165,1.1100804588715227
2023-07-05,1.1189569981745868,1.173690895231626,1.0080215903875605,1.1640699396652328,1.1175066835695817
2023-07-06,1.1275949693381768,1.1827513936462373,1.008796602202953,1.1649649283894694,1.122948382226858
2023-07-07,1.1172200855265957,1.1718690213221858,0.9988667220604768,1.1534978377154579,1.1099406362207185
2023-07-10,1.1069626092842846,1.1611097995707733,0.988355828493007,1.1413597889300067,1.1067097222392892
2023-07-11,1.1148215222040103,1.1693531320271124,0.9997143252686739,1.1544766554559058,1.114825241343209
2023-07-12,1.1163106082859726,1.1709150569084674,0.9953750956732844,1.1494656846776345,1.1141991608291384
2023-07-13,1.112769989080481,1.1672012479490999,0.9879548870637596,1.140896779139538,1.1116188050751894
2023-07-14,1.1193159702046311,1.1740674264155706,0.9978286364395302,1.1522990496362482,1.1212685141923957
2023-07-17,1.117473841929559,1.172135190245791,1.0010437504772316,1.1560118844004768,1.1259666427098711
2023-07-18,1.1173505170093923,1.1720058328744256,0.9991570772287,1.1538331417668573,1.1250653313836365
2023-07-19,1.1172142191842727,1.1718628680271226,1.0003208007247093,1.155177017287684,1.1296462735022064
2023-07-20,1.1181379547700756,1.173115617173712,1.001297614009154,1.156332675873977,1.135979921116082
2023-07-21,1.1213973100630648,1.1837982331357007,0.9995792253806004,1.1550551616541984,1.1287178897203964
2023-07-24,1.1240980550376107,1.1914380709634433,1.004981622243673,1.1617592538389538,1.1275199470426525
2023-07-25,1.1309927726563236,1.1988990858525324,1.0163625807734404,1.1749304048747216,1.1304360982229946
2023-07-26,1.1319538982884934,1.196020952174011,1.0189086886867436,1.1774966231206192,1.1341336331729617
2023-07-27,1.1282282276342923,1.1943096252948866,1.0152141270570125,1.173443351678851,1.130892620504364
2023-07-28,1.1329093893674147,1.1968645990183915,1.0246007752869752,1.1840600958764518,1.1347326195021963
2023-07-31,1.1443882142400172,1.2069649739982573,1.040526090933439,1.2022659136643128,1.143993520892295
2023-08-01,1.1393907338184368,1.2051078865079679,1.0299008064237636,1.1903248071182877,1.1416732640141116
2023-08-02,1.1388568114757875,1.2071181140184712,1.0288661297786499,1.1893801117294078,1.1288444557813446
2023-08-03,1.135867609507847,1.2049644549679694,1.0341938508406774,1.1956377408969796,1.1221190270813666
2023-08-04,1.1376038631430527,1.2035309688503426,1.0354548938393833,1.1967747116292173,1.1272185410040396
2023-08-07,1.1438918246755267,1.2088117295083922,1.050140925180616,1.2136140875388859,1.1321464100280794
2023-08-08,1.1420412359092764,1.20831215589829,1.0445738631110466,1.2073247641284341,1.1321071071907152
2023-08-09,1.1475133016533017,1.21250746553502,1.0494216084051369,1.2127705143518355,1.1376722649413935
2023-08-10,1.1495137395815815,1.2135408502581904,1.0561331462912371,1.2204200390880462,1.1342044099209456
2023-08-11,1.1458495970698312,1.2086487558862462,1.0504713005329347,1.2137757879053523,1.1281962524298448
2023-08-14,1.144740119524717,1.2046218971290594,1.0442947500291928,1.2063557663140012,1.125670132678158
2023-08-15,1.144740119524717,1.2046218971290594,1.0442947500291928,1.2063557663140012,1.125670132678158
2023-08-16,1.1432886252323495,1.203290800151579,1.0385642593394295,1.1997553921815445,1.1276420537513991
2023-08-17,1.1523356899181698,1.2162844743368049,1.0623905748304014,1.2276215114289755,1.1253671689237947
2023-08-18,1.1608498654435184,1.2234692399565252,1.0829986089957448,1.2512550701625356,1.120880243762041
2023-08-21,1.1677568102534392,1.233418728999438,1.1000563738512983,1.2712325965933546,1.1298055709630974
2023-08-22,1.1670890830697156,1.232713456114677,1.0993118322280861,1.2703721992505947,1.1308679774665507
2023-08-23,1.1558394263685257,1.2208312413005753,1.0849215665416112,1.2537427107542547,1.133869696194929
2023-08-24,1.153116262606878,1.2179549564814616,1.0809701838605952,1.2491764661643197,1.1316711955488876
2023-08-25,1.145176424172508,1.209568668048636,1.0702207879037762,1.236754391388137,1.123907046689265
2023-08-28,1.1435808012825164,1.2078833247137435,1.0673668342827363,1.2334563432530856,1.1276202245801938
2023-08-29,1.150727169615934,1.2154315269330505,1.0768515219207897,1.2444169125299012,1.1321188408050804
2023-08-30,1.1487105704579896,1.2133015362119914,1.0743081016363518,1.241477718821951,1.1327915028263336
2023-08-31,1.140771228720625,1.204915772404999,1.0686927711139849,1.234988604836195,1.1263663562591342
2023-09-01,1.1622260594430807,1.2275769890283867,1.0886776147108976,1.2580832254593832,1.1408251498065292
2023-09-04,1.179553377023431,1.245878606145299,1.1150787522813088,1.2885925588575904,1.1501816256824708
2023-09-05,1.1792596973405913,1.2455684131171272,1.1136272123859123,1.2869151495228093,1.1539494480887933
2023-09-06,1.1773650949623884,1.2435672789453855,1.1101253368443307,1.2828683584278344,1.154993085365891
2023-09-07,1.1822988592782686,1.2487784644064706,1.12077927770316,1.2951801246462378,1.1612999867296625
2023-09-08,1.1874895511099592,1.2542610241872885,1.1215238036840096,1.2960405039125775,1.1673332154964287
2023-09-11,1.2064643647135047,1.2743027745520816,1.1455327754620588,1.3237854343183642,1.1787415034168325
2023-09-12,1.2069267957962113,1.2747912077200785,1.1649944927332374,1.3462755266162616,1.1710773523154423
2023-09-13,1.203509961403835,1.2711822477924273,1.1624104148581589,1.3432893487211826,1.1774593990732865
2023-09-14,1.2030120573574552,1.2706563470478054,1.160896642587148,1.3415400232316252,1.1821929042607393
2023-09-15,1.2044221933629755,1.27214577373697,1.1682967878110924,1.3500916811755428,1.18550509647132
2023-09-18,1.2008458139387042,1.2683682977032853,1.1696974743094481,1.3517103239802604,1.187557872588698
2023-09-19,1.2008458139387042,1.2683682977032853,1.1696974743094481,1.3517103239802604,1.187557872588698
2023-09-20,1.1970253351749567,1.264332996843059,1.1695676650549542,1.351560315526535,1.1784110205524836
2023-09-21,1.1994669014685193,1.2669118502208614,1.1656676674481259,1.347053451876376,1.170320063980813
2023-09-22,1.1995256511946688,1.2669739033914533,1.1691895205186806,1.351123329139145,1.167721289855313
2023-09-25,1.197355379253008,1.264681599003791,1.1640535079050989,1.3451881181753271,1.1708302597717926
2023-09-26,1.1966805704213792,1.2639688462764105,1.1656756679659002,1.3470626973289053,1.1708880678041855
2023-09-27,1.1996454462812411,1.2671004344483676,1.1664521638578265,1.347960021241026,1.1734809254165102
2023-09-28,1.1939375841799853,1.2610716243772817,1.1562104337359582,1.3361246085422667,1.158562167005818
2023-09-29,1.193387302227234,1.260490400563561,1.154622418895831,1.3342894878369738,1.171039377324825
2023-10-02,1.193387302227234,1.260490400563561,1.154622418895831,1.3342894878369738,1.171039377324825
2023-10-03,1.1923896275949684,1.259436627580968,1.151745937767156,1.3309654067615146,1.1644942723081604
2023-10-04,1.1940116553307927,1.261149860482507,1.156414797237413,1.3363607723887554,1.1542450025861737
2023-10-05,1.1974947460176573,1.2648288022366982,1.1664675240920472,1.3479777716317305,1.1579527260416633
2023-10-06,1.199633251937039,1.2670875544271214,1.1726751211472597,1.3551513128344197,1.1661251075803876
2023-10-09,1.20075626180141,1.2682737101295796,1.1759464696568827,1.3589317053298429,1.1576819141063144
2023-10-10,1.2001324722184314,1.267614845417471,1.1741259941641777,1.3568279515199144,1.1692335091273636
2023-10-11,1.197513815656792,1.2648489441445487,1.1704225906449979,1.3525482733290253,1.1766705530482764
2023-10-12,1.1930748036514645,1.2601603304729778,1.1574088840442205,1.3375095458359136,1.1760568283099513
2023-10-13,1.1946296225851423,1.2618025754816669,1.162909363866933,1.3438659375752349,1.1762530917721632
2023-10-16,1.1891200115521663,1.255983163958732,1.1537568574217942,1.333289239134902,1.1758333560331347
2023-10-17,1.1878103697995988,1.2545998822242876,1.1504349964756189,1.329450474125665,1.181393366028749
2023-10-18,1.1845512142235668,1.2511574672514918,1.1465087659853548,1.3249132955777252,1.1753176309646665
2023-10-19,1.18130609875032,1.2477298818438762,1.142019828688966,1.3197258492332669,1.177218771098728
2023-10-20,1.1842740684163438,1.2508647377839424,1.1496845262101534,1.3285832256037609,1.1697099996127365
2023-10-23,1.1759721848953222,1.2420960467937545,1.133110975522397,1.309430718171977,1.1529713912533057
2023-10-24,1.1759721848953222,1.2420960467937545,1.133110975522397,1.309430718171977,1.1529713912533057
2023-10-25,1.1779097016342746,1.2441425083622855,1.1382043145182756,1.3153166152141373,1.145167763525916
2023-10-26,1.1680204781405328,1.2336972226954905,1.1300269914058498,1.3058668452382605,1.1300916399755023
2023-10-27,1.17834570695002,1.2446030298661308,1.1422201576366353,1.319957350722074,1.1440297823186023
2023-10-30,1.182339121835468,1.248820990891173,1.1439933818840453,1.3220065006728947,1.146442489081066
2023-10-31,1.184947117780363,1.2515756321104263,1.144574115766124,1.3226776006804881,1.1459948077345392
2023-11-01,1.177633227616364,1.2438504884581592,1.134824456856869,1.3114108288079522,1.1406518860224575
2023-11-02,1.1851159216443061,1.2517539276643352,1.1393637554446872,1.3166564730018966,1.1512294372581022
2023-11-03,1.1879770072717097,1.254775889572093,1.1434839387997353,1.3214177847940742,1.1587194628517719
2023-11-06,1.1955484258450706,1.2627730422253503,1.1503768950778657,1.3293833317568853,1.1716174802061319
2023-11-07,1.1950511831381583,1.2622478400067214,1.147964729361895,1.3265958167172776,1.1735560467594643
2023-11-08,1.1974863898014028,1.2648199761578933,1.1517352428518732,1.3309530476449745,1.1781919644540946
2023-11-09,1.1987539012851616,1.2661587586762764,1.1580498627521212,1.3382502651722805,1.1759694951805795
2023-11-10,1.2022496230236863,1.2698510417148408,1.1591021549137568,1.3394663011217178,1.1779050268865416
2023-11-13,1.2208068077201275,1.289451680273416,1.1905264304253895,1.3757804067478336,1.183298070403145
2023-11-14,1.2208068077201275,1.289451680273416,1.1905264304253895,1.3757804067478336,1.183298070403145
2023-11-15,1.2201018161905028,1.288457605700624,1.1938301308016386,1.3793588214168646,1.1968401378357465
2023-11-16,1.2170838282405452,1.2867127940101373,1.1866859182951557,1.372493010631558,1.2040128869823323
2023-11-17,1.222331319013945,1.2892177337081097,1.1931464836428258,1.3770461025429999,1.2046996882606733
2023-11-20,1.223161019948358,1.29056750345469,1.1941222952968826,1.3786283072009093,1.203204986898877
2023-11-21,1.22471630673357,1.2909356331544075,1.1976652717925598,1.3814958060698121,1.2065739309472254
2023-11-22,1.2263203419539055,1.288866643653294,1.195551064468674,1.3754384147631167,1.2088097570132372
2023-11-23,1.2272072890225665,1.3102443081009538,1.1980585694114327,1.3979466620981287,1.208105305205148
2023-11-24,1.2254726974079155,1.3021245889207107,1.1962172169055532,1.3897836469257179,1.205659954500737
2023-11-27,1.2254726974079155,1.3021245889207107,1.1962172169055532,1.3897836469257179,1.205659954500737
2023-11-28,1.2319202394960078,1.3103550337750403,1.2063145916262548,1.4028392683231892,1.2151665584989209
2023-11-29,1.2332047329389944,1.309688124839478,1.2067946455240126,1.4014398540640427,1.2241349588782033
2023-11-30,1.2306064949458715,1.304585263540603,1.2064638679765305,1.3988003806225902,1.232035705891778
2023-12-01,1.235315854052328,1.3109982138689722,1.2114104361971394,1.4059053632856338,1.2393588681385277
2023-12-04,1.2442267505252056,1.3181064140957006,1.2202066229947712,1.4138485653499593,1.2628432629060184
2023-12-05,1.2640251863701448,1.339080440948331,1.2258229507801903,1.4203561820374193,1.271446622871729
2023-12-06,1.2647503810602563,1.3398486962298548,1.2168121023677287,1.4099153477881534,1.2738961591776805
2023-12-07,1.2761988375681568,1.3519769388899565,1.218841820040215,1.412267173589809,1.2756087453794562
2023-12-08,1.2758926446592953,1.3516525648665314,1.215444745791029,1.4083309971561726,1.2755286375357113
2023-12-11,1.2822510030730205,1.35838846972046,1.2238386972243118,1.418057035327017,1.277396128063962
2023-12-12,1.269973777672537,1.3453822475500679,1.206008773905683,1.3973975740281814,1.2732456425356327
2023-12-13,1.2780698845510927,1.3539590848518892,1.2012269172702843,1.3918568557463264,1.2782246303811529
2023-12-14,1.2846887345412525,1.36097094874429,1.2102300580834024,1.4022887592308606,1.2923868988164535
2023-12-15,1.2933032646878067,1.370096992237408,1.2196866850380716,1.4132461153055997,1.307888607569573
2023-12-18,1.2933855490343087,1.3701841624616924,1.213048165469326,1.4055540890606653,1.3070322130591807
2023-12-19,1.3119412694119046,1.3898416839203422,1.265677951605626,1.4665360131227196,1.3113969596880528
2023-12-20,1.287312951392558,1.3637509862754102,1.2211479918800492,1.4149393257366294,1.2886732419004425
2023-12-21,1.297996014728478,1.37506838826771,1.2331665562513003,1.4288651885156354,1.2944752977896261
2023-12-22,1.3024379807984625,1.3797741092832487,1.2503183642670064,1.4487389203075893,1.3078376063813102
2023-12-25,1.3024379807984625,1.3797741092832487,1.2503183642670064,1.4487389203075893,1.3078376063813102
2023-12-26,1.315375038956136,1.3934793437430935,1.2640135442996006,1.4646074709910546,1.3181281341943485
2023-12-27,1.3349842519249009,1.4142529120485388,1.293100827892134,1.4983107909060844,1.3306203883290748
2023-12-28,1.3475360921759847,1.4275500551429743,1.3065534501983225,1.5138982909158107,1.3418435250362382
2023-12-29,1.3518400981362235,1.432109624256966,1.3014038108198298,1.5079314242309847,1.340079795374679
2024-01-01,1.3541008311029539,1.4345045949668844,1.2984048524075553,1.5044565430355916,1.3421569197683165
2024-01-02,1.361273965611089,1.4421036556689253,1.30959924999377,1.5174274470357536,1.339985807106621
2024-01-03,1.3369667577645885,1.416353135068315,1.2815846233766894,1.4849670104957824,1.3329677195710106
2024-01-04,1.3498437733787199,1.4299947617800315,1.283926906051062,1.4876810041230897,1.3416307437044275
2024-01-05,1.3484230711420986,1.4284897011230249,1.2816171994440408,1.4850047562555755,1.34335985565711
2024-01-08,1.3330474387104163,1.412201094789474,1.268450552636751,1.4697486149200472,1.3333880432977332
2024-01-09,1.3337602841788023,1.4129562675775065,1.2650491624695,1.4658074376492989,1.3373963001927875
2024-01-10,1.3460158873774202,1.425939583663494,1.2810768509982169,1.4843786566585728,1.337533191097434
2024-01-11,1.3536336005535836,1.4340096212141287,1.287222759240002,1.4914998961164394,1.3426708042558788
2024-01-12,1.3803557387645349,1.4623184658514414,1.2958977613905849,1.501551586636613,1.3543030017998585
2024-01-15,1.3835738440065897,1.465727655662701,1.2914327766989093,1.4963780266168014,1.3646791910711165
2024-01-16,1.3851814171050825,1.4674306831947457,1.3007304732671126,1.5071512306842814,1.3613887317290345
2024-01-17,1.3767596028057822,1.4585087986254381,1.2822381273953873,1.4857242230054304,1.343522566771412
2024-01-18,1.3751524227230967,1.4568061874456828,1.2701310505292593,1.4716958011503312,1.3384489622743772
2024-01-19,1.3924581900635316,1.4751395361883026,1.2788566664190655,1.4818061376090197,1.3517197438109516
2024-01-22,1.3924581900635316,1.4751395361883026,1.2788566664190655,1.4818061376090197,1.3517197438109516
2024-01-23,1.3709183640470877,1.4523207189439415,1.2569454963831068,1.4564177519563943,1.3275171958239795
2024-01-24,1.3964945738378922,1.4760705715249407,1.2843119567833798,1.4830444010438697,1.3459525541791606
2024-01-25,1.374266658219707,1.4505550692515612,1.2830536522983607,1.4785146788501933,1.340769657175154
2024-01-26,1.374266658219707,1.4505550692515612,1.2830536522983607,1.4785146788501933,1.340769657175154
2024-01-29,1.3807369391025148,1.4370210357345,1.2903962587053877,1.4555258329564231,1.3628036609168468
2024-01-30,1.3677311791182951,1.4315085437285182,1.2803400359835495,1.4564965977270632,1.3521475218142942
2024-01-31,1.3670199655127406,1.4268996766774575,1.2775351464461058,1.4473480078113377,1.3677811141354834
2024-02-01,1.3603497633995385,1.4199323053416593,1.2719861558465055,1.4410537578167393,1.364002851994427
2024-02-02,1.3724996060632992,1.426433564735161,1.2716580943225264,1.4311775686716512,1.3817449743954813
2024-02-05,1.368569142506346,1.426003522092218,1.271407032991015,1.4364513894602078,1.3790250556946007
2024-02-06,1.3768362104780902,1.4346175319211212,1.2798972298553284,1.446043718876416,1.390608031746296
2024-02-07,1.379918388347682,1.4378290587349607,1.282632021221679,1.4491335199834905,1.3937322601982096
2024-02-08,1.377214782401898,1.4350119912728252,1.2749993385218916,1.4405100206753063,1.3827164670137995
2024-02-09,1.3733213913724356,1.4309552073307819,1.2704550289818068,1.4353758035570987,1.3881449349828154
2024-02-12,1.357518196271536,1.4144888037167687,1.2577724371743966,1.4210468544865142,1.3764365722746084
2024-02-13,1.3735565768832285,1.431200262809763,1.2723899219903279,1.437561869607094,1.3815262136381747
2024-02-14,1.381527556887726,1.4395057588259335,1.2776108719765717,1.4434605634694357,1.3932392608685908
2024-02-15,1.39955904415505,1.4582939687549366,1.293969053727988,1.461942239515057,1.399201056484073
2024-02-16,1.3983226509686506,1.457005688182376,1.294026641941818,1.46200730339124,1.4091852229019475
2024-02-19,1.3909263627888435,1.4492990019308518,1.2909604658268372,1.4585430996969027,1.413632680554516
2024-02-20,1.3967624277900512,1.4553799875298987,1.2990132690375396,1.4676412563539807,1.415035154366502
2024-02-21,1.382253100234039,1.4402617508581501,1.287338556054223,1.454451021243371,1.405079758497122
2024-02-22,1.39221286418787,1.450639493594158,1.2950645335187503,1.4631799261305418,1.4173361410090253
2024-02-23,1.3885982394202487,1.4468731748240082,1.291415814458057,1.459057558211786,1.4184330130498568
2024-02-26,1.3914840379941673,1.4498800809441625,1.2987184830387781,1.4673082034869396,1.4117970388640815
2024-02-27,1.4036722513262105,1.4625797938046141,1.3136784018133632,1.484210104728913,1.414135298839522
2024-02-28,1.3801949153085686,1.4381171906297476,1.2917620192401684,1.4594487046561562,1.3943595555817982
2024-02-29,1.3874732721898615,1.445700996391114,1.3025794381994287,1.471670358376167,1.3973246685512086
2024-03-01,1.4071057328775913,1.4661573673690311,1.3171566393370087,1.4881398604987541,1.4169670876027705
2024-03-04,1.4281966890468731,1.4881334421229955,1.3298303671929743,1.5024587949673753,1.4232723920400958
2024-03-05,1.4310529036162425,1.4911095226944986,1.3268944646437235,1.499141775958703,1.4188657763934236
2024-03-06,1.440003663974431,1.5004359172475754,1.338776740058949,1.5125665176718235,1.4233433242059867
2024-03-07,1.451067345112329,1.5119639049684257,1.3563469315080618,1.532417537262918,1.4315912257449857
2024-03-08,1.451067345112329,1.5119639049684257,1.3563469315080618,1.532417537262918,1.4315912257449857
2024-03-11,1.439655489322103,1.5000731308416113,1.3405098064866379,1.5145245575547899,1.425599110014042
2024-03-12,1.4403341309919067,1.500780252887054,1.341964709493083,1.5161683249643674,1.4163524586986171
2024-03-13,1.4080921227720178,1.4671851528275226,1.3102980076591384,1.4803908936078796,1.3850164419780686
2024-03-14,1.42389531538792,1.483651553852251,1.3272260076555247,1.4995163573536534,1.3979388975509022
2024-03-15,1.4188851254578922,1.4784311026052748,1.32643906782666,1.4986272630028579,1.389440514868073
2024-03-18,1.416375437139083,1.4758160908599263,1.3191950264684258,1.4904428554887175,1.3923383169793768
2024-03-19,1.3984726150838644,1.4571619458019875,1.2959133209044607,1.4641388966159357,1.3732057964915367
2024-03-20,1.3994573939662114,1.4581880526394813,1.294119699955448,1.4621124414858953,1.3771940495933472
2024-03-21,1.419919959489325,1.4795093652430698,1.314053757286402,1.4846341859844019,1.3939770510947065
2024-03-22,1.4191241811986555,1.4786801907351446,1.3118246634348496,1.4821157281835458,1.4033961500694243
2024-03-25,1.4191241811986555,1.4786801907351446,1.3118246634348496,1.4821157281835458,1.4033961500694243
2024-03-26,1.413307076218643,1.4726189608474924,1.3034930111864265,1.4727025244351037,1.4025944948217552
2024-03-27,1.4038395122615732,1.4627540741354552,1.292242702716119,1.4599917867919345,1.4024827917319371
2024-03-28,1.4149626007900569,1.4743439623811547,1.2975971923270377,1.4660413553737286,1.4204641072441497
2024-03-29,1.4149626007900569,1.4743439623811547,1.2975971923270377,1.4660413553737286,1.4204641072441497
2024-04-01,1.419697550751583,1.479277622736598,1.2978711064320672,1.4663508269171075,1.4325014475089703
2024-04-02,1.4347312393156304,1.494942226136254,1.3166501168406644,1.4875675851181829,1.4371458506558354
2024-04-03,1.4362660758733647,1.496541474774256,1.313641520903074,1.4841684362203598,1.4353678864518433
2024-04-04,1.4314038951258639,1.4914752441720611,1.3134258250876085,1.4839247404205205,1.4369940996668804
2024-04-05,1.4284600807832617,1.4884078875507885,1.311432378594957,1.4816725199200191,1.434299299251304
2024-04-08,1.4364618319664797,1.4967454461116059,1.3201710719881727,1.4915456037877564,1.4436418019687078
2024-04-09,1.4490937676978277,1.5099075029520488,1.320129411042639,1.4914985347362684,1.4420935497831113
2024-04-10,1.460686635183663,1.521986885244473,1.3445741101657274,1.5191164581149772,1.4495325306178874
2024-04-11,1.460686635183663,1.521986885244473,1.3445741101657274,1.5191164581149772,1.4495325306178874
2024-04-12,1.4558983500442009,1.516997651407774,1.3436543820277915,1.5180773378903898,1.4343973657918483
2024-04-15,1.4472927096810149,1.5080308604093389,1.3362145853275385,1.509671763569915,1.421062880434207
2024-04-16,1.4496392324362566,1.510475859065027,1.3386158557032481,1.5123847485370843,1.4145819766863272
2024-04-17,1.4496392324362566,1.510475859065027,1.3386158557032481,1.5123847485370843,1.4145819766863272
2024-04-18,1.4233310762393907,1.483063635428464,1.312114550066145,1.4824432456846337,1.3999875009713472
2024-04-19,1.4298600908139636,1.4898666514325234,1.3168689444228043,1.487814819226742,1.406046716685683
2024-04-22,1.4358168190417215,1.4960733640998665,1.3285526073609324,1.5010151661069826,1.4213886707879864
2024-04-23,1.4470948684444367,1.5078247164218608,1.3389522615922342,1.512764824070818,1.4238795546196248
2024-04-24,1.4476972012286606,1.5084523271468855,1.342109825133656,1.5163322784097437,1.4298387167672142
2024-04-25,1.4583324246620564,1.5195338761919603,1.3595719604822116,1.5360612148820907,1.4435929376329304
2024-04-26,1.4590691968092961,1.5203015682612258,1.3630218454307879,1.5399589375619804,1.4373058187366867
2024-04-29,1.4586012725774693,1.5198140067768018,1.36001084928149,1.5365570768752865,1.443124324635115
2024-04-30,1.4561118834952667,1.5172201461607588,1.352959905695513,1.528590833612297,1.442480311442792
2024-05-01,1.4561118834952667,1.5172201461607588,1.352959905695513,1.528590833612297,1.442480311442792
2024-05-02,1.4643525623606095,1.525806659418605,1.3588932153869215,1.5352943602793403,1.4482337482095367
2024-05-03,1.480697364967786,1.5428374000380016,1.3601843270570972,1.5367530742115805,1.4424608453351033
2024-05-06,1.4677241742498282,1.5293197668530958,1.3476098773700167,1.5225463054459463,1.4385298735606835
2024-05-07,1.4494262430237408,1.5102539311821144,1.3250505724940818,1.497058523804485,1.42848366982773
2024-05-08,1.4581023749315078,1.519294172025156,1.3441956802827635,1.518688903353134,1.4309074600986358
2024-05-09,1.4279593860974347,1.48788618034338,1.3151534230893531,1.485876602008227,1.4045420010188676
2024-05-10,1.4371190430227572,1.497430238170627,1.321348965999203,1.4928764030085233,1.4156593549192857
2024-05-13,1.4334752902994121,1.493633569039532,1.3110528904826575,1.4812437695575853,1.421371815810705
2024-05-14,1.4461145815308643,1.5068032900664083,1.340440267562971,1.514445991618839,1.4292291115145987
2024-05-15,1.4591575085854316,1.5203935861943358,1.3510506417744022,1.5264337236222145,1.4300326338390454
2024-05-16,1.469008222830864,1.5306577027616473,1.3749226654011977,1.5534046311428904,1.4412250417049313
2024-05-17,1.4947581889487516,1.5574883109036781,1.4249748509247382,1.6099542093465513,1.444073235416198
2024-05-20,1.4947581889487516,1.5574883109036781,1.4249748509247382,1.6099542093465513,1.444073235416198
2024-05-21,1.5179736820935212,1.5816780825150134,1.4690148920773878,1.6597111924873353,1.4596810524796933
2024-05-22,1.5235765385088216,1.5875160725250492,1.4896256550094815,1.6829974873428792,1.4653220457104255
2024-05-23,1.5249921935135744,1.580336005515537,1.4894281481076117,1.6811201664199882,1.4836562629895804
2024-05-24,1.5279584792079224,1.5837983557275161,1.4960036733781632,1.6886164614778831,1.480904048690043
2024-05-27,1.533811376183977,1.592177258043421,1.5014663059228497,1.6952268243902957,1.4786547357236035
2024-05-28,1.5394581298291103,1.5962058754725863,1.5064112861839103,1.7004581031437749,1.4776815142686668
2024-05-29,1.5426191359756305,1.6020240643403425,1.51060571015108,1.7056807673019945,1.4711277345536231
2024-05-30,1.5374503747021335,1.6063642576801418,1.5002103274620542,1.6958063339983045,1.4492792352336241
2024-05-31,1.5358636578315077,1.5975420691000057,1.5028947680760434,1.697477281090508,1.4504872756654017
2024-06-03,1.5501381556807214,1.5913385317142668,1.5366498820357204,1.7315702468867404,1.4938746593705194
2024-06-04,1.507669658125323,1.5792553786839398,1.431956854632813,1.6197790995686834,1.4140333100133557
2024-06-05,1.5328463694662242,1.587918809591596,1.4805864675529339,1.6715127972918866,1.4632576070909695
2024-06-06,1.5374375273766197,1.5810554316069636,1.4948167954419807,1.6853731597149892,1.4757100790990538
2024-06-07,1.546662410829688,1.5875840670554335,1.5124982205830806,1.7047401395191453,1.5052088663284062
2024-06-10,1.5465605766930304,1.5847911448518948,1.5115090508808982,1.7031048207740118,1.508262024286326
2024-06-11,1.5469579016706316,1.5851982915977902,1.4980048374508925,1.687888841101247,1.511602224244551
2024-06-12,1.5580307149612938,1.5933337559142378,1.4946753383388978,1.6836905632881396,1.5175844595524433
2024-06-13,1.5785548884885519,1.61120566580568,1.5319415528228046,1.7252390202150794,1.526084662083226
2024-06-14,1.5867316729193255,1.61575348604235,1.5333314483713467,1.7262729073218395,1.530888931375322
2024-06-17,1.5867316729193255,1.61575348604235,1.5333314483713467,1.7262729073218395,1.530888931375322
2024-06-18,1.5952998176298239,1.622286654329408,1.5302326484327373,1.7224782258348401,1.5366115310776607
2024-06-19,1.573157844398675,1.607535729305123,1.506383884382563,1.6967106253409558,1.524692952676437
2024-06-20,1.580935997711464,1.6100279368406538,1.5134169642155424,1.7038798947251967,1.5276677834673797
2024-06-21,1.571959939141533,1.6065683631659509,1.511195289330406,1.7021642645154964,1.5224497748479922
2024-06-24,1.5726529105796083,1.609731396189899,1.51213628493129,1.7035640042067224,1.525676582271581
2024-06-25,1.5696473690307327,1.6160945645831335,1.5117920386918586,1.7044814503200776,1.529081430604073
2024-06-26,1.566423970307963,1.6104849574160167,1.510926601572548,1.7031900164031892,1.5307135476048286
2024-06-27,1.5628884944495733,1.599887796903403,1.5101106782160933,1.7013082150278278,1.5430879088953349
2024-06-28,1.5684081190752155,1.6064827579830356,1.5109817136806598,1.7024207886585043,1.5452812115924688
2024-07-01,1.5712965106661811,1.608807082076952,1.5116185065540204,1.7030504507589919,1.551330593708921
2024-07-02,1.5716315762548374,1.6091501464752571,1.5116221134364007,1.7030545144183327,1.548643747106447
2024-07-03,1.5818219896564267,1.619583829194261,1.5250171240660482,1.7181458743030082,1.5607062327342742
2024-07-04,1.5794089558298734,1.6171131905317948,1.5169998402532643,1.709113278610362,1.5599906453425052
2024-07-05,1.5880730116082344,1.6259840778539,1.526924643809682,1.7202949630745086,1.5707485328745265
2024-07-08,1.5990957234486,1.6372699279478173,1.5410224312772898,1.7361780997239444,1.5678810911494085
2024-07-09,1.6011755567302492,1.639399411778745,1.5423811875060656,1.7377089293597652,1.5773672732618833
2024-07-10,1.6044211630748675,1.6427224984383353,1.5444093646477541,1.739993955628229,1.5758248291052535
2024-07-11,1.604512290510238,1.6428158013015444,1.5444205164121327,1.7400065196563015,1.5759950608380133
2024-07-12,1.6169688748012006,1.6555697537794842,1.569354754721678,1.7680984394153465,1.5872339593200684
2024-07-15,1.609360805922157,1.6477800622664895,1.5602017770134633,1.7577863251191956,1.5958633083265452
2024-07-16,1.6101871368425342,1.6486261196641976,1.5655583453148108,1.7638212512732339,1.5974324055984779
2024-07-17,1.6101871368425342,1.6486261196641976,1.5655583453148108,1.7638212512732339,1.5974324055984779
2024-07-18,1.5976296802847065,1.6357688868593327,1.5591884367189857,1.756644655023335,1.6047242473296675
2024-07-19,1.5789544328401655,1.6166478170011818,1.5350738483364004,1.7294761859706165,1.579528227637515
2024-07-22,1.6008366358984856,1.6390524001035434,1.553759388313213,1.7505280698568029,1.5811076140473044
2024-07-23,1.59750496363559,1.635641192928245,1.5506905222710194,1.7470705614485529,1.5825116553731111
2024-07-24,1.6129090424461645,1.6514130036050325,1.5895499218604732,1.7908511302230843,1.57746963886382
2024-07-25,1.6184751808923266,1.6571120189666906,1.58643706079745,1.787344055247787,1.5766005974117434
2024-07-26,1.6485688951955608,1.687924141547245,1.5994565616115135,1.8020123506106127,1.6093912926727085
2024-07-29,1.6588899517944915,1.6984915862263126,1.585626226968684,1.7864305371136922,1.6124108624600133
2024-07-30,1.6693983931270702,1.7092508889566898,1.598467881901351,1.8008984641248702,1.6144883416977478
2024-07-31,1.6812600175270116,1.7213956784410576,1.6146244707125756,1.8191011295053106,1.6223861814697829
2024-08-01,1.6712105109553326,1.7111062663319188,1.6041371810496428,1.8072857254795862,1.628239680589823
2024-08-02,1.6539938359104385,1.6934785884531587,1.5671469085264667,1.7656109907358954,1.607152483823817
2024-08-05,1.6232030390843297,1.6619527423379437,1.515182980381462,1.707066330911439,1.5667614465975783
2024-08-06,1.6214876951681363,1.660196449097402,1.5408937000402294,1.7360330659139234,1.5648648826681657
2024-08-07,1.6306666425494158,1.6695945197051916,1.532400924371531,1.7264647618953757,1.5894407663999142
2024-08-08,1.6279649349562022,1.666828315949148,1.5252230054281066,1.7183778285592803,1.5692882125218341
2024-08-09,1.6414897897093574,1.6806760410368293,1.5649557774404077,1.7631423739733951,1.5871542004905153
2024-08-12,1.6337754429345739,1.6725160755388853,1.5700746259746494,1.768880943221668,1.5854476763499339
2024-08-13,1.6278479879170196,1.6664480667150494,1.5674572754901306,1.765932178037387,1.574471922849332
2024-08-14,1.621457550643432,1.6599060972442634,1.570079472542288,1.7688864034724066,1.566765965433845
2024-08-15,1.621457550643432,1.6599060972442634,1.570079472542288,1.7688864034724066,1.566765965433845
2024-08-16,1.6480208502444735,1.687099274736451,1.5839349309272295,1.7844962706030914,1.594136258454259
2024-08-19,1.6605512918408558,1.6999268423769018,1.5878185091362262,1.7888715960632688,1.6027858138805007
2024-08-20,1.6738005482801943,1.713490269639542,1.595682239076414,1.7977310488585174,1.614242178582795
2024-08-21,1.680106348801814,1.7199455954232414,1.5953065348767457,1.7973077721632016,1.623496914689267
2024-08-22,1.6793732526081773,1.7191951158061825,1.596232328583342,1.7983507919138941,1.6260894545713855
2024-08-23,1.6830456670874259,1.7180247856839228,1.594611727952779,1.7805878690655037,1.6263152576221014
2024-08-26,1.691369342601986,1.7271600079615506,1.601497874588649,1.7903224486786316,1.6387519541128548
2024-08-27,1.6839503385377361,1.7162806308241876,1.5986471393881878,1.7765531448672554,1.636040379464236
2024-08-28,1.6813198042212378,1.709293063326214,1.5988476398263367,1.762999224385727,1.6372498537869506
2024-08-29,1.6862191180890063,1.7166606974709795,1.6021733116831407,1.7742745374514832,1.6429298967475634
2024-08-30,1.6823358677678613,1.7084233213286635,1.6002899020861745,1.7585046966202704,1.6514706914658122
2024-09-02,1.6767825586212957,1.7038530218979013,1.5996579102482693,1.7612112070794006,1.6556168384466823
2024-09-03,1.6725137618674029,1.7003503920935317,1.5979596863831063,1.762009183169543,1.6544702341498214
2024-09-04,1.661419792666904,1.685063770132977,1.5969035010478219,1.7480086357669615,1.6503089366868524
2024-09-05,1.6543436172686428,1.6790544829543845,1.5949866962941297,1.7496536878348938,1.6461903261869564
2024-09-06,1.6385054784850468,1.6633382769367817,1.5890029172605906,1.7442442087070305,1.6311733968651256
2024-09-09,1.6227538377635218,1.6478402104041339,1.579881876799244,1.7358275331245239,1.6328065322393093
2024-09-10,1.6383740796403958,1.6610789030750737,1.5872035467924825,1.7353325940268127,1.6415300527665972
2024-09-11,1.6281049490569934,1.6499680293800085,1.5845044170776885,1.7277815759821245,1.635727796330361
2024-09-12,1.64867949953789,1.6589263717431042,1.5905170920444758,1.7156553431112385,1.6678156591282163
2024-09-13,1.6422771714199178,1.651971887968902,1.5890521344588533,1.718476734784722,1.668097166798152
2024-09-16,1.6522243455567878,1.6617446208663322,1.59255660488804,1.7182110678476399,1.6686601830589356
2024-09-17,1.6532219843152987,1.6616720739181923,1.5940596996770426,1.7175953266831196,1.6689210180161889
2024-09-18,1.6505667570055413,1.6736503877360105,1.5932676303050324,1.7418431542549153,1.6640757690041588
2024-09-19,1.652177144696143,1.6755465156291989,1.5960606502224888,1.7408156512072699,1.6614990372793947
2024-09-20,1.657707398963742,1.677578905269453,1.6005002940895001,1.7341755296333787,1.6799533943760299
2024-09-23,1.65466190080423,1.6750453851583293,1.5980567708281916,1.7332802038203199,1.6899364015102443
2024-09-24,1.6606492110279918,1.681106451987117,1.5979782722582299,1.7331950629042858,1.6913264229390985
2024-09-25,1.6549301013398487,1.675316889608433,1.5986859160425562,1.7339625856763923,1.6939750185088656
2024-09-26,1.662491212144381,1.6829711443861892,1.6026660061371765,1.7382794607063397,1.711561554450634
2024-09-27,1.6675175762911412,1.6880594274149239,1.6053655875214063,1.7412074736889214,1.7185257266614147
2024-09-30,1.6584808901415309,1.6789114199430217,1.6039177131566402,1.7396370839381445,1.7044267244299245
2024-10-01,1.6656264352306787,1.686144989725586,1.6033644651520234,1.7390370215175157,1.7031166262460722
2024-10-02,1.6656264352306787,1.686144989725586,1.6033644651520234,1.7390370215175157,1.7031166262460722
2024-10-03,1.6611510387614923,1.6816144616468158,1.6033245953089708,1.7389937779914069,1.6685125049132168
2024-10-04,1.6632617153014881,1.6837511392340399,1.6032447856111913,1.7389072150033085,1.6527840184913902
2024-10-07,1.6589260242197617,1.67936203754844,1.6022939910869938,1.7378759667042645,1.6331264071836005
2024-10-08,1.6513183767327886,1.6716606728111654,1.6003475500781745,1.735764822888803,1.643822459213371
2024-10-09,1.6563870418060982,1.6767917778640067,1.600183869926793,1.7355872925461224,1.6472306416006925
2024-10-10,1.649952984323204,1.6702784603764116,1.6004234048708355,1.735847096317935,1.6449570621895722
2024-10-11,1.657214660544844,1.6776530161134813,1.5998173906937019,1.7338235710150236,1.647826010857397
2024-10-14,1.658021979640947,1.6691085056640733,1.584753215683057,1.7151538618990643,1.6560184135586464
2024-10-15,1.649707225446568,1.6607381540530834,1.5761375185535378,1.7058292263290533,1.6489758147268199
2024-10-16,1.6416966963332449,1.6526740617538893,1.5678386377203377,1.6968474761299421,1.6438684137716975
2024-10-17,1.6333767275033753,1.644298460639239,1.545642193471048,1.6728246082803333,1.6238553795405373
2024-10-18,1.650709499564708,1.6617471299750775,1.5741240660187308,1.7036500978334304,1.6317178534867178
2024-10-21,1.6470536712848671,1.65806685664212,1.5650552722051727,1.693835082739496,1.6174212361887668
2024-10-22,1.6360530775270155,1.6469927063389005,1.5502616837368601,1.677824211051922,1.593484908318647
2024-10-23,1.6366590468668964,1.6476027275520004,1.5421345559889772,1.6690283465570703,1.5897109228802346
2024-10-24,1.6481725763551218,1.6591932433804895,1.559421744775253,1.6877380032498188,1.5860549408069518
2024-10-25,1.630579633651715,1.6414826637461495,1.5385945264861731,1.6651970274514305,1.5628543361242286
2024-10-28,1.6440065361069183,1.6549993464969746,1.5619163213516571,1.6904378448443844,1.5749188171868156
2024-10-29,1.6526374739877137,1.663687995987504,1.5752946454358085,1.7049169978075034,1.581067601451142
2024-10-30,1.6516329160339471,1.6626767209587934,1.5775707296392194,1.7073803684906195,1.5792548439669924
2024-10-31,1.6492711921335421,1.6602992051606917,1.5736560212142663,1.7031435401902755,1.5749282166182836
2024-11-01,1.6542465008327691,1.6653077817478263,1.5810094053053714,1.711101993908541,1.5816080585092152
2024-11-04,1.6416088210816568,1.6525855989158422,1.5625541621385721,1.6911281700496767,1.5596402609947144
2024-11-05,1.6551962583237452,1.653907891597601,1.5631845408519296,1.6509417035802267,1.5746272324150326
2024-11-06,1.65761086756429,1.6564781624221447,1.5633942131737109,1.6695938306954008,1.594703490536213
2024-11-07,1.6493927290283037,1.6594843772043995,1.5628461013611308,1.7005847281150435,1.5764682366929867
2024-11-08,1.6506623989507074,1.6621150328489425,1.5628693224707348,1.7053289530073221,1.5743638434997684
2024-11-11,1.6507129537023986,1.6656050127095468,1.5627619087038311,1.6941392955326546,1.5666659302819346
2024-11-12,1.639361625368857,1.6614531396640906,1.5623374102429026,1.6956311097561123,1.5453839860414609
2024-11-13,1.6290245600267284,1.6617570748292392,1.5618902256593454,1.7308909810387318,1.5224977996656308
2024-11-14,1.629610984970828,1.6694755885474968,1.5618242513932934,1.7627243377399122,1.5168011197368034
2024-11-15,1.629610984970828,1.6694755885474968,1.5618242513932934,1.7627243377399122,1.5168011197368034
2024-11-18,1.629023829362966,1.6720353366893306,1.5616583819038932,1.7837969182111235,1.5134487275231694
2024-11-19,1.640371541637954,1.6837547643488666,1.5621835642803097,1.7920335761416606,1.5163546594243438
2024-11-20,1.640371541637954,1.6837547643488666,1.5621835642803097,1.7920335761416606,1.5163546594243438
2024-11-21,1.6458186145858698,1.7022785480928904,1.5626150018886051,1.825367097942723,1.503704160426767
2024-11-22,1.6569322042655281,1.7007066087094642,1.5626159338458394,1.824229661773345,1.5371445325099922
2024-11-25,1.6570040301670055,1.6983238960527451,1.5626159398285802,1.8240155721073303,1.555293844720904
2024-11-26,1.660730818665486,1.7069374650884188,1.5626258237404982,1.8240303497902666,1.5527322615174883
2024-11-27,1.6572909372963607,1.7043882799764085,1.5626167211574076,1.8240203878694394,1.5557802034007455
2024-11-28,1.6512065487301801,1.7051876658088274,1.562600587378995,1.8240063080783415,1.534115460795102
2024-11-29,1.6544673771895981,1.7074114174559207,1.5626092657850819,1.8240156683413429,1.5464930494640032
2024-12-02,1.6583040232128217,1.7121588134784034,1.562619456610315,1.8240280937629272,1.5585171255318824
2024-12-03,1.6622735809559914,1.7145773480407154,1.5626204999806532,1.8240281853067168,1.570355995464569
2024-12-04,1.6684264462032707,1.7242720452132643,1.5626221133570826,1.8240323103487737,1.5679604569331338
2024-12-05,1.6694400164497998,1.7224080528456382,1.5626223781510233,1.8240306810439288,1.5787207349769128
2024-12-06,1.667668329482482,1.717767378405509,1.5626219155809844,1.8240282663913923,1.57903179218543
2024-12-09,1.6702113954360134,1.7228487730111617,1.5626225802556755,1.8240306875526398,1.5725546261237238
2024-12-10,1.6698719768936294,1.7245659318475348,1.5626224916777496,1.8240319616316778,1.5721199400519357
2024-12-11,1.6689780829790106,1.7244381804349525,1.562622258351197,1.8240322187528137,1.5771645185393055
2024-12-12,1.6682883241956716,1.7237255009855272,1.5626220782121334,1.8240320084784147,1.5691901573599218
2024-12-13,1.6705315445981548,1.7260432635425214,1.5626226642991234,1.8240326926114785,1.577413511902108
2024-12-16,1.6693623729624492,1.7248352403643537,1.5626223592393116,1.8240323365184288,1.5710955628148602
2024-12-17,1.6693623729624492,1.730566367839362,1.5626223592393116,1.8305648691469842,1.548816117431263
2024-12-18,1.6693623729624492,1.7361183678689351,1.5626223592393116,1.836894857728522,1.5410594505193125
2024-12-19,1.6693623729624492,1.7285909822346712,1.5626223592393116,1.828310540960236,1.531884872971963
2024-12-20,1.6693623729624492,1.735046385627008,1.5626223592393116,1.8356698613244975,1.5089440357616746
2024-12-23,1.6693623729624492,1.734986320716617,1.5626223592393116,1.8356013660005757,1.5168270241536208
2024-12-24,1.6693623729624492,1.7315055477897596,1.5626223592393116,1.8316320597111349,1.5130299626727555
2024-12-25,1.6693623729624492,1.7315055477897596,1.5626223592393116,1.8316320597111349,1.5130299626727555
2024-12-26,1.6693623729624492,1.727236094121381,1.5626223592393116,1.8267641416783653,1.5168941865443075
2024-12-27,1.6693623729624492,1.729631874434074,1.5626223592393116,1.829495221337458,1.5185550601172815
2024-12-30,1.6693623729624492,1.7299263988377718,1.5626223592393116,1.8298310018498258,1.5112797078153324
2024-12-31,1.6693623729624492,1.7309291108573506,1.5626223592393116,1.8309741859587754,1.5141242488779734
2025-01-01,1.6693623729624492,1.7275554424480495,1.5626223592393116,1.82712771961613,1.5181665269274809
2025-01-02,1.6693623729624492,1.725683371273106,1.5626223592393116,1.8249936141836292,1.551732776661949
2025-01-03,1.6693623729624492,1.725683371273106,1.5626223592393116,1.8249936141836292,1.544634495318955
2025-01-06,1.6693623729624492,1.725683371273106,1.5626223592393116,1.8249936141836292,1.5183293604622243
2025-01-07,1.6693623729624492,1.725683371273106,1.5626223592393116,1.8249936141836292,1.5236814461955963
2025-01-08,1.6693623729624492,1.725683371273106,1.5626223592393116,1.8249936141836292,1.5220933905558034
2025-01-09,1.6693623729624492,1.725683371273106,1.5626223592393116,1.8249936141836292,1.5125547502773253
2025-01-10,1.6693623729624492,1.725683371273106,1.5626223592393116,1.8249936141836292,1.5005462640702791
2025-01-13,1.6693623729624492,1.725683371273106,1.5626223592393116,1.8249936141836292,1.4737874756734382
2025-01-14,1.6755289137637785,1.7320579590147995,1.568843952649542,1.8322598408420296,1.4858613385412853
2025-01-15,1.6715601743619515,1.7279553221628046,1.5648386346071472,1.8275820120583028,1.4871197882006586
2025-01-16,1.6714349861043591,1.7278259102999851,1.5647123158796217,1.8274344838537286,1.4922813158601074
2025-01-17,1.6798265872219533,1.7365006275102997,1.5731796451243527,1.8373235153970549,1.4948697019699262
2025-01-20,1.684370005315212,1.741197331580827,1.5777658470648477,1.8426797610729675,1.506926529183495
2025-01-21,1.6878930679223723,1.744839255380955,1.5813228319155708,1.8468339795250044,1.4914007812465568
2025-01-22,1.6890754928361211,1.7460615729822642,1.5869864358611299,1.8534485278020059,1.4971117156834202
2025-01-23,1.685085137070152,1.741936590472579,1.578800071508644,1.8438876364079138,1.5050612090252986
2025-01-24,1.683546635109276,1.7403461824859394,1.57565262294282,1.840211717207323,1.497527542152782
2025-01-27,1.6826898062006272,1.739460445857614,1.5739016286329903,1.8381667231529266,1.4757891546439885
2025-01-28,1.6942249638054425,1.7498988458940952,1.564294526025271,1.8264292706696268,1.4750042251602917
2025-01-29,1.704748980571765,1.7579545281566091,1.5784805650643552,1.842024927772268,1.4944306470569115
2025-01-30,1.718203276701643,1.7699049461641485,1.605704943795886,1.8731306653331614,1.502712130881489
2025-01-31,1.7300091231097952,1.7820660369004868,1.6366504473471164,1.90923005699285,1.5259893720815427
2025-02-03,1.7346530706304912,1.7868497233234257,1.5935945808658605,1.859003354920254,1.517887645221079
2025-02-04,1.752119572351501,1.8048418015643335,1.622442525185435,1.8926558446541883,1.5407045438711973
2025-02-05,1.7580276281650804,1.8109276339850124,1.6594204680677602,1.9357923617468493,1.539257654793806
2025-02-06,1.7442139068361935,1.796698250281436,1.6294513183726405,1.900831932980165,1.5338075812917533
2025-02-07,1.7327543075854972,1.7848938254675095,1.615496715577145,1.8845532296481602,1.535031120600185
2025-02-10,1.7159200415564047,1.7675530072337495,1.581325432866253,1.8446908142231773,1.520664435554108
2025-02-11,1.7043518354549272,1.755636707529936,1.5619356894109884,1.8220717625727916,1.4949600473678843
2025-02-12,1.7040474115388557,1.7553231233329487,1.554156082598644,1.8129964837423058,1.4953898667405892
2025-02-13,1.7060621848049196,1.757398522220472,1.5410491339665122,1.797706609032352,1.498353461715912
2025-02-14,1.696342810094879,1.7473866862484524,1.516813421754702,1.769434505919302,1.4828130478472499
2025-02-17,1.7049732411157137,1.7562768116244363,1.5343063494025169,1.789840832330751,1.49225595145161
2025-02-18,1.7037761979526724,1.7601728905234642,1.5342717088515947,1.8131543588057724,1.492724927712476
2025-02-19,1.7025546217738325,1.7659025363115604,1.5342363343157321,1.8458312141149529,1.494547081254373
2025-02-20,1.7005552335285832,1.7655597004357866,1.5341783956073787,1.8480632338757923,1.5006506003923814
2025-02-21,1.6993243526363981,1.7685465587267257,1.5341426862844931,1.8541194813156678,1.492994155720882
2025-02-24,1.6985868763394831,1.7732449518353879,1.5341212762185963,1.8564465557320478,1.4791069547178801
2025-02-25,1.7013491617558258,1.7754378155328754,1.5342015032909513,1.8439744891884025,1.4736521954807715
2025-02-26,1.7013491617558258,1.7754378155328754,1.5342015032909513,1.8439744891884025,1.4736521954807715
2025-02-27,1.7039340771038314,1.7862633030761332,1.5342764609029986,1.8570640816228527,1.4727217632721483
2025-02-28,1.688512952429773,1.7838858837250025,1.533829934291187,1.8996792355270549,1.4383752961853222
2025-03-03,1.688512952429773,1.7745670617166154,1.533829934291187,1.90571196055081,1.4426981821622042
2025-03-04,1.688512952429773,1.7816040738734316,1.533829934291187,1.9213557486094808,1.4390899656525298
2025-03-05,1.688512952429773,1.7749929710830357,1.533829934291187,1.9106010693019637,1.4604371686435222
2025-03-06,1.688512952429773,1.7630865763529826,1.533829934291187,1.871672860007919,1.4789308888491728
2025-03-07,1.688512952429773,1.770091749805889,1.533829934291187,1.8828697991319587,1.4770185378729161
2025-03-10,1.688512952429773,1.7691958905644927,1.533829934291187,1.8495529023445998,1.4670180287051713
2025-03-11,1.6858305517586625,1.7663853155923865,1.5327065774996083,1.8481983142199436,1.4628109875127664
2025-03-12,1.6916518178666844,1.7724847417539533,1.537827523563064,1.854373353865908,1.4594436302918288
2025-03-13,1.6890997091970745,1.7698106845819013,1.5355826935482007,1.851666448897868,1.4529110231200348
2025-03-14,1.6890997091970745,1.7698106845819013,1.5355826935482007,1.851666448897868,1.4529110231200348
2025-03-17,1.695514722955389,1.7765322296922264,1.5412256040436902,1.8584708939352683,1.4599738387155898
2025-03-18,1.695514722955389,1.7765322296922264,1.5412256040436902,1.8584708939352683,1.4600673785258322
2025-03-19,1.7014922734368108,1.7827954080303936,1.546483058877221,1.86481054126442,1.4878375780262796
2025-03-20,1.6994676367845027,1.7806740272971306,1.5447025262831253,1.8626635045209687,1.5038376190121259
2025-03-21,1.7087269544568868,1.7903757869145738,1.5528457917046008,1.8724829765876765,1.5148973677937387
2025-03-24,1.7153943145265078,1.7973617363081587,1.5587084855672686,1.879552445116641,1.5333189536997445
2025-03-25,1.7145337782740966,1.7964600806831563,1.5579519005229194,1.8786401248956297,1.5305924470649714
2025-03-26,1.7069247512820798,1.7884874682930063,1.5512619212477836,1.870573082840755,1.5190713543072005
2025-03-27,1.7122307296922243,1.794046984543766,1.5559276972232565,1.8761992603616113,1.5296048474963866
2025-03-28,1.7100152553404078,1.7917256472314023,1.553979730654248,1.8738503250977778,1.5224274235016864
2025-03-31,1.7100152553404078,1.7917256472314023,1.553979730654248,1.8738503250977778,1.5224274235016864
2025-04-01,1.6968821442233293,1.777964991036715,1.5494680412583124,1.86840995127916,1.5070150398741078
2025-04-02,1.711094583622846,1.7928565495197806,1.5496215134741538,1.8685950141573142,1.5172750540604236
2025-04-03,1.726227324654184,1.8025737512060396,1.5521996474768858,1.8716894969888271,1.5177538872066445
2025-04-04,1.7024483461670685,1.7952683885862164,1.5505804659910938,1.8697778059359391,1.4832262763559527
2025-04-07,1.6755960300874737,1.781614489939143,1.5380234935367456,1.854670108334302,1.4411290564047827
2025-04-08,1.7078378011806392,1.8071998883663343,1.5477798874252093,1.866414856751917,1.470206132560487
2025-04-09,1.7043347827810535,1.8035702017148767,1.5430752365106997,1.8607418575113535,1.4637217716836708
2025-04-10,1.7043347827810535,1.8035702017148767,1.5430752365106997,1.8607418575113535,1.4637217716836708
2025-04-11,1.7246281287372174,1.8114400547445833,1.546395054134811,1.864713666970172,1.4932344139585503
2025-04-14,1.7246281287372174,1.8114400547445833,1.546395054134811,1.864713666970172,1.4932344139585503
2025-04-15,1.7473031026874484,1.825844806443447,1.558950676590769,1.8798321041963868,1.523422145803426
2025-04-16,1.7658383460232514,1.8452132135210684,1.5721717799860913,1.895774529437048,1.532702483894282
2025-04-17,1.7852261550822408,1.865472509360598,1.5803108550447453,1.9055888839406692,1.5480512670266053
2025-04-18,1.7852261550822408,1.865472509360598,1.5803108550447453,1.9055888839406692,1.5480512670266053
2025-04-21,1.794837548760526,1.8755159375461194,1.5883307497213182,1.915259526964645,1.569123949906935
2025-04-22,1.7950692069427558,1.875758008820556,1.593623397964561,1.9216415698562292,1.566242929455315
2025-04-23,1.7879752257746757,1.8683451514560696,1.5724892780412845,1.8961573786484653,1.5812509834497586
2025-04-24,1.785886693717361,1.866162739369653,1.5775605704198705,1.9022725036271981,1.5830709777546792
2025-04-25,1.7555318652704992,1.8344434539263086,1.5460727947709711,1.8643035464027276,1.5627859951126246
2025-04-28,1.7868185039858338,1.8671364347386274,1.5935680816290985,1.921574867666833,1.5773947622570634
2025-04-29,1.7777037460375176,1.857611966181154,1.5933096143940109,1.9212631996880467,1.5747455348696258
2025-04-30,1.7654660388095824,1.844824171006674,1.5924734638806988,1.9202549429147782,1.569528876000788
2025-05-01,1.7654660388095824,1.844824171006674,1.5924734638806988,1.9202549429147782,1.569528876000788
2025-05-02,1.7666001844140191,1.846009296734675,1.5927206280467237,1.920552981294874,1.562703349944512
2025-05-05,1.758476213540888,1.83752015137484,1.5924171031776175,1.9201869813938282,1.5726214663707816
2025-05-06,1.748163146081438,1.8267435089992978,1.5918169564517022,1.9194633054626105,1.5674941553329902
2025-05-07,1.751530111138716,1.830261819963121,1.5919227392359012,1.9195908616943724,1.5678279209008372
2025-05-08,1.7403262054090618,1.8185542959182615,1.5915585284195768,1.9191516847559977,1.5543985866837997
2025-05-09,1.7475624397644989,1.8261158007858265,1.5919624855480732,1.919638789056518,1.5463160836762468
2025-05-12,1.771086488193101,1.8506972609708543,1.5929441090587804,1.9208224617777723,1.598883840715166
2025-05-13,1.7670089199030206,1.8464364049843278,1.5924991104597614,1.920285868372144,1.5842876272386097
2025-05-14,1.776073424290079,1.8559083610706184,1.592617690790321,1.9204288562906582,1.5943070810730717
2025-05-15,1.7863826284700464,1.866680966511316,1.6033499178789024,1.9333701156477285,1.619942073946872
2025-05-16,1.7857003008399035,1.8659679680865588,1.6035555822198788,1.9336181122243112,1.621238134690354
2025-05-19,1.7847037219478965,1.8649265927285092,1.603415575924168,1.9334492881983694,1.620695187823684
2025-05-20,1.7885831951605677,1.8689804492152275,1.6039608478787462,1.9341067943921992,1.6026954033561986
2025-05-21,1.7877508224471061,1.8681106611437925,1.6038440693803258,1.9339659791799497,1.611956578368861
2025-05-22,1.7776719067254274,1.8575786956841625,1.6024294832214234,1.9322602263837987,1.5982089047917305
2025-05-23,1.7814527931036896,1.8615295338340434,1.6029626724641153,1.9329031628609272,1.6126868471483744
2025-05-26,1.7839326876241273,1.8641209002224532,1.6033117667453736,1.9333241118025164,1.6247146218127446
2025-05-27,1.781901690657389,1.8619986094430698,1.603026198951804,1.9329797651119267,1.6149134063645199
2025-05-28,1.7777169555207912,1.8627390593695454,1.6023344493856355,1.933117746805506,1.6069735928271447
2025-05-29,1.7796117240641074,1.8660100331245513,1.6026970814759465,1.9337995698667096,1.6119695254770596
2025-05-30,1.7709780569441107,1.857581077396904,1.6012477882330478,1.9321692679140157,1.6006634885830653
2025-06-02,1.7664262221411997,1.8516957970795902,1.6003958793973838,1.9309296953895183,1.5990828684983118
2025-06-03,1.7682450326083237,1.8536024058331533,1.5946658916308978,1.924016278731202,1.5881920036231694
2025-06-04,1.7706436026134507,1.856116760489931,1.6119488238611066,1.9448686987457304,1.590267971200864
2025-06-05,1.7879944999504098,1.8743052267115554,1.6254930834416592,1.9612102885753675,1.5950220077002462
2025-06-06,1.8087230871827797,1.8960344319149578,1.618216660999444,1.9524310481694482,1.6150113138133428
2025-06-09,1.8164632330433754,1.9041482129374534,1.6255146376601601,1.9612362944412285,1.626496740502034
2025-06-10,1.8323202692780856,1.9207707058453993,1.6411396399014913,1.9800883679854784,1.6320453831076338
2025-06-11,1.8327416669223078,1.9212124453513717,1.6297988585387195,1.966405346313027,1.6353065992156093
2025-06-12,1.8213067960278924,1.9092255861721241,1.6105956888024946,1.9432360972749425,1.6185879338011127
2025-06-13,1.8208118950924062,1.9087067951970333,1.6282571184168795,1.9645451866974226,1.6099707241945371
2025-06-16,1.837870071101123,1.9265884097390191,1.6608830313754046,2.003909412125528,1.6255158785514245
2025-06-17,1.830247842671285,1.9185982383007785,1.6523641284697428,1.9936310786178986,1.6162563410890456
2025-06-18,1.8290905107676976,1.917385039246758,1.6483560773217218,1.9887952345108344,1.6139284232070923
2025-06-19,1.8271760637843628,1.9153781773759715,1.6429158696501238,1.9822314469646367,1.611039684550679
2025-06-20,1.8463650673677623,1.9354934795834169,1.6796398016876328,2.0265400657355084,1.6252854661092284
2025-06-23,1.854283181115763,1.943793819424499,1.7162056358925737,2.0706579343278695,1.6201829239514107
2025-06-24,1.8580661090641228,1.9477593582592554,1.7161187092311287,2.070553054482785,1.626098899934008
2025-06-25,1.8816134337737949,1.9724433680700442,1.7181317850279298,2.0729818959245514,1.636543980651551
2025-06-26,1.90108534588332,1.992855235467826,1.7200417712016278,2.075286356382151,1.6534374356800223
2025-06-27,1.901077810316244,1.9928473361410903,1.7207919645121785,2.07619148901794,1.6596633757283576
2025-06-30,1.9035608477662391,1.9954502356862374,1.7203084882868063,2.0756081592227287,1.6553108725141215
2025-07-01,1.9046817642084162,1.9966252614183286,1.721677214464658,2.077259571886117,1.6557181128113214
2025-07-02,1.9061452251296702,1.9981593670623174,1.721312396650226,2.076819407324109,1.6535176652816845
2025-07-03,1.903178075884168,1.995048986499384,1.7210329017258783,2.0764821876048627,1.6521251430810335
2025-07-04,1.9048981314794915,1.9968520732497284,1.7215472910774674,2.077102815092575,1.6581702524011657
2025-07-07,1.9101749628656368,2.002383629777336,1.7214983223276992,2.077043732702842,1.6578889224013087
2025-07-08,1.8849066298616801,1.9758955345282079,1.7197156145982582,2.074892837829085,1.6588441619285188
2025-07-09,1.8866749771192906,1.977749244093686,1.719681062820812,2.0748511499854967,1.6563464647063968
2025-07-10,1.8850660720541528,1.9760626733727167,1.7195706699192526,2.0747179573582692,1.6498131682240007
2025-07-11,1.870985174595002,1.9613020576632119,1.7189426470388445,2.073960227321111,1.6390568995159278
2025-07-14,1.8770500033949171,1.967659650104971,1.7193431983713816,2.074443505535258,1.6351883499951374
2025-07-15,1.8797221699954247,1.9704608085124016,1.7203039539671412,2.0756026884185346,1.645136908531533
2025-07-16,1.8785917733476851,1.96922281154402,1.719741347801805,2.0749073277829355,1.6452985163932152
2025-07-17,1.8791868481310308,1.9722855704355018,1.7196337135621549,2.0755391805749754,1.6422533741512737
2025-07-18,1.8728340836691326,1.9657249548413798,1.7174857857876007,2.072980042353095,1.6357412495669539
2025-07-21,1.8724311106384557,1.977927378548197,1.7165957558579412,2.0758521682549214,1.6360962558897967
2025-07-22,1.878977547968735,1.9892177181631623,1.7186275779332862,2.079670200351294,1.6285762762042897
2025-07-23,1.8744289353942756,1.9810794018077589,1.7166053544641116,2.076193474791909,1.635462933538569
2025-07-24,1.8739051732064704,1.986561128149073,1.716069805361659,2.077420501615831,1.6249278953709336
2025-07-25,1.8704614469002685,1.9860823186783916,1.7145194398252925,2.076526851389754,1.6075197510538646
2025-07-28,1.874519281745055,1.9915611788371068,1.71634798695081,2.079104125548515,1.599158105345276
2025-07-29,1.8763618768546655,1.9850508001092841,1.7171773859080024,2.0774885486635175,1.6078245156947815
2025-07-30,1.8738840741916873,1.9843905711893595,1.7160626206812883,2.0767482184531283,1.6091598107286365
2025-07-31,1.8867692534003349,2.003636570152389,1.7218635692147413,2.0855058258952246,1.6037040735598944
2025-08-01,1.8916336146637664,2.007793349543036,1.7240459167189128,2.087837811801332,1.5865038486345895
2025-08-04,1.8901521127646042,2.0010922458042932,1.7233821245022405,2.0854532115095874,1.604753220109977
2025-08-05,1.8836608952529732,1.994220034334839,1.7212286859067931,2.0828473498316606,1.6028060637815629
2025-08-06,1.886591794183435,1.9973229587414913,1.723106745929493,2.085119977735863,1.5914010198360264
2025-08-07,1.8875084369159871,1.9982934026819,1.721763416890078,2.083494424227136,1.5951182792986438
2025-08-08,1.8833529389430324,1.9938940029113847,1.7184771973931534,2.0795177919375525,1.5833992732194178
2025-08-11,1.8909104625643092,2.0018951060045636,1.7219202199466903,2.083684170559849,1.5948775081866169
2025-08-12,1.8843219072749398,1.9949198436372793,1.7171724158264294,2.077938884468364,1.5932501305958255
2025-08-13,1.8995889089438505,2.011082923026511,1.7210271840644935,2.0826035137965913,1.6061633499270511
2025-08-14,1.9023442703357416,2.014000006936566,1.720546234615798,2.082021520077325,1.6031472832420126
2025-08-15,1.9023442703357416,2.014000006936566,1.720546234615798,2.082021520077325,1.6031472832420126
2025-08-18,1.9246455079086187,2.0376101879783715,1.7341986082397414,2.0985421663193793,1.6272728958568468
2025-08-19,1.9294982080004344,2.0427477112810557,1.7383543062936793,2.103570948810176,1.633053061455513
2025-08-20,1.9406714808252559,2.054576785491016,1.7459182879416677,2.1127240725401517,1.6393313100920262
2025-08-21,1.939115408206674,2.0529293811207943,1.743266583577281,2.1095152627793556,1.6397135546484
2025-08-22,1.926885230889927,2.039981368721116,1.738295171389641,2.1034993900573116,1.6262823450093462
2025-08-25,1.9218714299256678,2.034673288930167,1.7378184061246782,2.102922459590866,1.63550357215878
2025-08-26,1.9256878902787045,2.0387137516883262,1.7451955433196784,2.1118494840947926,1.621470407452755
2025-08-27,1.9256878902787045,2.0387137516883262,1.7451955433196784,2.1118494840947926,1.621470407452755
2025-08-28,1.9199799971769334,2.032670840883054,1.7400190096603532,2.1055853952483066,1.6104676555911788
2025-08-29,1.9252895039277882,2.038291982544844,1.741267902335561,2.107096671942728,1.6104401408185758
2025-09-01,1.9452200308955228,2.059392307064013,1.741100395638057,2.1068939732055805,1.627204421997521
2025-09-02,1.9486938567055858,2.063070024769825,1.7441320313696673,2.1105625353791844,1.6305971392503729
2025-09-03,1.9557502634739903,2.0705405985782166,1.743278564743427,2.1095297611085777,1.6411394262202588
2025-09-04,1.9571024555488035,2.0719721558891195,1.7436113843456016,2.1099325038888006,1.639414842341795
2025-09-05,1.9534747390785985,2.06813151510181,1.7392860826160679,2.104698485121657,1.6370225354710972
2025-09-08,1.9515233720108462,2.0660656149651877,1.7373923293093392,2.1024068668791474,1.6386276271509979
2025-09-09,1.9538440331460305,2.0685224844263255,1.7398971263563074,2.105437905075211,1.647169922121968
2025-09-10,1.954247376792023,2.068949501827168,1.7407142306598282,2.106426677541682,1.6583689792716627
2025-09-11,1.9520654335429488,2.0666394921263502,1.7383818965768962,2.103604335627831,1.6601492326517673
2025-09-12,1.94433545477348,2.0584558118440306,1.7326982718355466,2.096726619245989,1.6671200658775627
2025-09-15,1.9373500843764406,2.051060443798683,1.7320978095778943,2.096000003873921,1.6619070539851686
2025-09-16,1.9448216079816685,2.058970499211576,1.7404136716729972,2.106062973116863,1.6726441441158122
2025-09-17,1.9511775500281723,2.065699495390321,1.7507535573851005,2.1185751998356914,1.6789880570130524
2025-09-18,1.9503575587218673,2.0648313757117025,1.756759665958542,2.125843151751333,1.6829946342737208
2025-09-19,1.9524681561616162,2.0670658520494394,1.7682543201670529,2.1397527561237553,1.6806629366165808
2025-09-22,1.9508949910289604,2.065400351941238,1.7747360308523976,2.147596230982085,1.6715716877031144
2025-09-23,1.9424312846322171,2.0564398787989386,1.7568068236697494,2.1259002169830574,1.67060432887077
2025-09-24,1.9390237539401498,2.052832347320817,1.7285734445132477,2.0917351932215973,1.6657846074783378
2025-09-25,1.9332194737122392,2.0466873920666293,1.7518634764911292,2.119918305541195,1.654615092976287
2025-09-26,1.9304914449508528,2.0437992450419133,1.743713065326845,2.1100555473658487,1.6343746669150772
2025-09-29,1.9242107341550965,2.0371498957188345,1.7353660471818033,2.0999548763947296,1.6363875547576798
2025-09-30,1.9348469216222224,2.048410361012422,1.7874294874752086,2.1629564981583758,1.6403971724012147
2025-10-01,1.930875262135644,2.044205589900142,1.7753128064391899,2.1482941832717684,1.6515371853128167
2025-10-02,1.930875262135644,2.044205589900142,1.7753128064391899,2.1482941832717684,1.6515371853128167
2025-10-03,1.9495082224409936,2.0639321886916426,1.8110745620134903,2.1915692451116877,1.6591833876564912
2025-10-06,1.9515970657677129,2.066143634085677,1.8204182055581404,2.2028759258299986,1.6688588215701008
2025-10-07,1.942211579715405,2.056207278574634,1.8081217405754368,2.187996055588916,1.6698669601016616
2025-10-08,1.9322925715600359,2.0457060865426624,1.8010926515560943,2.1794902018603888,1.6649167621736185
2025-10-09,1.9332321284771312,2.0467007895872453,1.7999276669970812,2.178080461817591,1.6755686382147938
2025-10-10,1.9436495775316316,2.0577296778884793,1.8057844313281632,2.185167693261887,1.6854814276109171
2025-10-13,1.9455566011544736,2.0597486318967113,1.803876834260388,2.182859322776492,1.6828252583529482
2025-10-14,1.944449252874923,2.0585762891838426,1.805513407481933,2.1848397291136687,1.675226348978543
2025-10-15,1.9445001224332066,2.058630144467733,1.8008935943387987,2.179249324049727,1.6877502648090195
2025-10-16,1.9571245224293672,2.0688727378890936,1.823315440100159,2.2030177881036765,1.7059029944927673
2025-10-17,1.9637830377230163,2.0749473642095615,1.8339071175756496,2.214770467386,1.7096057051837346
2025-10-20,1.97539176955414,2.083614307819075,1.8415864111524496,2.2201353799010626,1.7212880758659506
2025-10-21,1.9749396082048751,2.082731054991215,1.8404986187638432,2.218383406198191,1.7237222235585836
2025-10-22,1.9749396082048751,2.082731054991215,1.8404986187638432,2.218383406198191,1.7237222235585836
2025-10-23,1.9719760879176145,2.083884487144791,1.832341519276622,2.213189289997555,1.7265337833130194
2025-10-24,1.9669895185811608,2.082194674514143,1.8283342330982348,2.2122180262482023,1.7199310122796287
2025-10-27,1.9798985882695086,2.0878925556569903,1.8386426543830527,2.216076744562553,1.7292722533820721
2025-10-28,1.993566114192757,2.1023055795353196,1.8589512320629953,2.240554239743238,1.7273043975617257
2025-10-29,1.993287194220689,2.102011445817181,1.859430926787604,2.24113240555548,1.7360557795833305
2025-10-30,1.9903448654980453,2.0989086271815696,1.8538935794742777,2.234458359036231,1.7293906237559962
2025-10-31,2.0026248819242958,2.111858459577846,1.87197295829587,2.256249048416333,1.723057910876077
2025-11-03,2.0039887933443956,2.113296765821142,1.8759936696286197,2.261095125961562,1.726411764624841
2025-11-04,1.9963384439878185,2.1052291266175938,1.865920534664429,2.2489541914054274,1.7131854632786696
2025-11-05,1.9963384439878185,2.1052291266175938,1.865920534664429,2.2489541914054274,1.7131854632786696
2025-11-06,1.986182014324991,2.094518712452591,1.8514091568413296,2.2314639374680074,1.7058362631919004
2025-11-07,1.9832079532284308,2.0912853127949247,1.8479691898150497,2.2271721304444,1.7097144949193277
2025-11-10,1.9821459912087644,2.0862872410791855,1.8447216745602568,2.217442623131351,1.7157014717876686
2025-11-11,1.9859413062239086,2.086395295589285,1.8463270358254535,2.2135556615078413,1.7205695223821853
2025-11-12,1.9866642746944545,2.0871970260364585,1.8489868021011622,2.2168074769814097,1.7328419292198376
2025-11-13,1.9842122289442652,2.0795646828680137,1.8467514456534266,2.2065659046382553,1.733334674502394
2025-11-14,1.9911600115280081,2.0866489200189138,1.8564661832652354,2.2178784645921157,1.7328453831509887
2025-11-17,1.9962198482011617,2.0895231283141116,1.860370076476171,2.218908173172962,1.7418977062612373
2025-11-18,1.9897922572527167,2.082795111879338,1.8603510825403262,2.2188855186484564,1.7323117942927642
2025-11-19,1.992964865901476,2.086116008199774,1.861903218390646,2.2207367884402567,1.7399988373221091
2025-11-20,1.9993692699271057,2.092819753955373,1.891092814391782,2.2555519222448273,1.7462980620784136
2025-11-21,1.9969506510468877,2.0902880888718167,1.8874951985401576,2.251260959216532,1.7376849709704414
2025-11-24,1.9922467774139672,2.085364356269162,1.8756483818672183,2.2371309757933098,1.7301204768366847
2025-11-25,1.9925840353568227,2.0857173776422533,1.8790202294471177,2.2411526595692086,1.7294863982585569
2025-11-26,2.00421768737537,2.097894786348723,1.9114088877357422,2.27978339197212,1.7534590716990244
2025-11-27,1.9982301222415269,2.0916273625272805,1.907618039677852,2.275261956239912,1.7515461539107102
2025-11-28,1.9974223741931236,2.0907818603494968,1.9068413201871335,2.2743355442060857,1.750879546120515
2025-12-01,2.0012031610096606,2.0947393610744283,1.908490871623654,2.2763030039125423,1.7516578647727643
2025-12-02,1.9971444233197584,2.090490918057266,1.9071473946663948,2.2747006066053475,1.7485343998744867
2025-12-03,1.9960495074608235,2.0893448258506067,1.9035075885969326,2.270359322288631,1.7413124136942415
2025-12-04,1.997035480544591,2.0903768832987297,1.9058231299106785,2.27312112415341,1.7483379282722504
2025-12-05,2.0015195889220316,2.095070578821782,1.9048047544865327,2.271906483270626,1.7587475811635702
2025-12-08,1.9750071308241086,2.066666167562991,1.9005911441207926,2.2639999564945925,1.7374663210074397
2025-12-09,1.9854592594481357,2.0776033739503323,1.9373898881369467,2.307834926003602,1.7292700850695315
2025-12-10,1.980875906852948,2.0728073103844586,1.9358147500624672,2.3059586084467587,1.727292324967833
2025-12-11,1.9847902832588193,2.076903350929763,1.9356220845066097,2.3057291036364114,1.7366971105368179
2025-12-12,1.9985189443717264,2.091269151946463,1.951619612697207,2.3247854920866944,1.7486903042411417
2025-12-15,2.0032737672297847,2.0962446436194497,1.945696461613257,2.3177297853199574,1.74880548753917
2025-12-16,2.010699514354584,2.104015015742257,1.973807395002519,2.351215762652422,1.7368108811142546
2025-12-17,2.00994711458541,2.103227697497595,1.9642983268453222,2.339888481684712,1.7361164640564863
2025-12-18,2.007933620743575,2.101120758471112,1.969259580224588,2.345798367916457,1.7348316299925037
2025-12-19,2.016873865930009,2.1104759157098663,1.9742888061782897,2.3517892236434257,1.7466667729156637
2025-12-22,2.0196311830108917,2.1133611984186564,1.9759292991170814,2.353743392457451,1.7598119645478312
2025-12-23,2.020914911103998,2.114704503653846,1.9724566146628797,2.349606701892754,1.7625087537373192
2025-12-24,2.01806364245528,2.11172090913463,1.9650423647208155,2.340774785781707,1.7598758945755317
2025-12-25,2.01806364245528,2.11172090913463,1.9650423647208155,2.340774785781707,1.7598758945755317
2025-12-26,2.029537205095391,2.1237269537507,2.001888081998036,2.3846657102294415,1.7549329706040129
2025-12-29,2.037785867800958,2.1323584325312965,1.9985012553721084,2.380631294222888,1.750410095563935
2025-12-30,2.029401067218433,2.12358449778685,1.9939898745780014,2.3752572999510617,1.7518197831309914
2025-12-31,2.046209381845508,2.1411728774090717,2.0286396033658183,2.416532344671138,1.7690663458007003
2026-01-01,2.043027123548997,2.1378429321875063,2.027492868113469,2.4151663441141746,1.7725736556742573
2026-01-02,2.0362891441575632,2.1307922467349414,2.028398114517344,2.4162446811491174,1.7849681779495012
2026-01-05,2.0541761252961654,2.1495093532111906,2.041146254387078,2.4314303712433514,1.7868214087992822
2026-01-06,2.0689006131466465,2.1649171967578535,2.055790344795832,2.448874533366741,1.7953981647795632
2026-01-07,2.08429595456136,2.1810270278279793,2.127290237330748,2.5340457992064023,1.7941418693278346
2026-01-08,2.0742051478830925,2.1704679121468664,2.1163642979554176,2.5210307294756356,1.7699242712834653
2026-01-09,2.0596722359879216,2.1552605354943117,2.095193054535914,2.495811368473685,1.7594379421834936
2026-01-12,2.0725562920147413,2.168742533749429,2.10865785556356,2.5118507512915507,1.7694108384672684
2026-01-13,2.0742823431564865,2.170548690012085,2.112003696005122,2.5158363442148715,1.7670783703560105
2026-01-14,2.062622555405722,2.1583477776764344,2.103878375240188,2.506157394633727,1.7662077822648758
2026-01-15,2.062622555405722,2.1583477776764344,2.103878375240188,2.506157394633727,1.7662077822648758
2026-01-16,2.069229241882595,2.1652610769796885,2.093313685336489,2.493572648273974,1.7681175111365228
2026-01-19,2.0608309118069754,2.1564729848455264,2.0698548045225857,2.4656282346075313,1.764989637628504
2026-01-20,2.0406711501548678,2.1353776193137777,2.0696973263901723,2.4654406453482443,1.7327220651824964
2026-01-21,2.040061328437485,2.134739496092909,2.069746600517151,2.4654993410975545,1.728703496721922
2026-01-22,2.0709515571569663,2.1670633239953414,2.0698854192014826,2.465664703067308,1.74565933870348
2026-01-23,2.0689870799060204,2.165007676393815,2.0698226173460643,2.465589892975524,1.7291942469665316
2026-01-26,2.0689870799060204,2.165007676393815,2.0698226173460643,2.465589892975524,1.7291942469665316
2026-01-27,2.089245119105624,2.1862058804820785,2.070051464561783,2.4658624976796095,1.7437361600172463
2026-01-28,2.0854508379617167,2.1822355087563503,2.0700105253853573,2.4658137305926253,1.7570746956529755
2026-01-29,2.0840290026052157,2.1807476867726905,2.069992067367899,2.4657917432489236,1.7606367410071508
2026-01-30,2.080291010333263,2.1768362162557042,2.069963634599557,2.4657578738991224,1.7559146182961847
2026-02-02,2.07106217862058,2.1671790793425956,2.069857293161934,2.4656311990953927,1.7353396176620035
2026-02-03,2.09537951122782,2.1926249664993622,2.069950696660774,2.4657424621189863,1.7763167833967617
2026-02-04,2.086233258139377,2.183054240640785,2.0700277938704192,2.465834300955457,1.7775170592142011
2026-02-05,2.090690571152085,2.1877184151937947,2.070071863734452,2.4658867973435212,1.7723356368918075
2026-02-06,2.079815685854072,2.176338832218743,2.0700082606125667,2.4658110327764673,1.7740709925183418
2026-02-09,2.103482096349332,2.2011035883124603,2.0702186573785895,2.4660616591516322,1.7903169468939346
2026-02-10,2.1179614077369684,2.216254876886265,2.110691877182278,2.5142736947376108,1.7956060374675147
2026-02-11,2.1220748791283803,2.220559252310126,2.1237864777603592,2.529872091705205,1.8020500553491479
2026-02-12,2.1031550453693773,2.200761359069441,2.1115269287330203,2.515268415080489,1.791853633306848
2026-02-13,2.077997880548442,2.174436663529968,2.055203489480734,2.44817546644119,1.768650804959877
2026-02-16,2.0717230835662286,2.167870656537347,2.075828656698675,2.4727443369363296,1.781356055871108
2026-02-17,2.0752213024612245,2.171531225921722,2.080490583039368,2.4782976623136257,1.7886438613915605
2026-02-18,2.0700461871595697,2.1661159362550437,2.075733408510642,2.4726308765036475,1.7958913621177024
2026-02-19,2.0630304806125537,2.1587746344764427,2.0692829487290845,2.4649470352366865,1.7720879377903689
2026-02-20,2.0567826699443548,2.152236866218402,2.0635368932892324,2.458102286272091,1.782851024255508
2026-02-23,2.0522650610257407,2.147509597458373,2.0593810402386206,2.4531517996012004,1.7907044489101538
2026-02-24,2.0250610482549507,2.119043060837878,2.0343508618018427,2.423335643155764,1.7798318417748944
2026-02-25,2.0299980261096686,2.1242091612246123,2.038898402906439,2.42875271188978,1.794462680845951
2026-02-26,2.033500767801779,2.1278744633067253,2.038915193179902,2.428772712602983,1.7992418903173855
2026-02-27,2.026894747808777,2.1209618614185053,2.0377910423311736,2.42743361477519,1.7781127747163232
2026-03-02,2.0147797941811305,2.1082846591982762,2.034337928878826,2.4233202373504508,1.7590648319984055
2026-03-03,2.0147797941811305,2.1082846591982762,2.034337928878826,2.4233202373504508,1.7590648319984055
2026-03-04,1.9972673405116597,2.089959461812985,2.023950512938224,2.410946661207911,1.7259353903437757
2026-03-05,2.0177657601837766,2.1114092023044004,2.0539347566361528,2.446664141339093,1.7491240589574857
2026-03-06,2.017123014784126,2.110736627430577,2.0630558599440687,2.457529275356045,1.7340888348327346
2026-03-09,2.0174782638231,2.1111083633896266,2.0745191744195903,2.4711844707694017,1.7020910489531016
2026-03-10,2.013924051871357,2.107389202340345,2.065039230663021,2.4598918830296164,1.7230817944215944
2026-03-11,1.9911460900089555,2.0958760104821503,2.0548479539006643,2.4569232355696604,1.6998925451516163
2026-03-12,1.9778110705230718,2.084044312182741,2.0535641740370183,2.4570362676482356,1.6841659793252766
2026-03-13,1.961423957407507,2.085722837462753,2.027188481559861,2.439721393245553,1.6477895076199982
2026-03-16,1.9706916928368536,2.085776338972422,2.0273172834934265,2.4325656867159258,1.6577722970435629
2026-03-17,1.9736188143507187,2.081009049834226,2.040904574144988,2.443019790827152,1.6637287136169656
2026-03-18,1.9821830816976607,2.0853680720667804,2.049038278891324,2.449259284020249,1.6772092182149578
2026-03-19,1.9817567746290354,2.1250751613558276,2.046326014907641,2.4628682513777096,1.6253811181704032
2026-03-20,1.984779084056217,2.1291587290084295,2.0546437896536642,2.473017550716668,1.6388948418727027
2026-03-23,1.9830015919736528,2.1364550967830853,2.0506379979693437,2.4697107918264796,1.5943496146341938
2026-03-24,2.002206666048776,2.157146345119934,2.1006962512485567,2.5299990574618967,1.6223451092138161
2026-03-25,2.0314070553299644,2.1886063907196727,2.188061887919346,2.6352189236373524,1.6499456843013849
2026-03-26,2.0314070553299644,2.1886063907196727,2.188061887919346,2.6352189236373524,1.6499456843013849
2026-03-27,1.994279391482495,2.148605622702322,2.0929424470106195,2.520660669105148,1.6246442887557446
2026-03-30,1.9653610477396357,2.1174494485822266,2.0351657633571514,2.4510766180555645,1.5960945895197152
2026-03-31,1.9653610477396357,2.1174494485822266,2.0351657633571514,2.4510766180555645,1.5960945895197152
2026-04-01,1.9746456587000347,2.1274525441360987,2.0949676811949094,2.5230997845052676,1.6163624213553127
2026-04-02,1.9687828679571888,2.121136064505107,2.0805141477377838,2.505692495849524,1.6165725705340117
2026-04-03,1.9687828679571888,2.121136064505107,2.0805141477377838,2.505692495849524,1.6165725705340117
2026-04-06,1.9948782127358515,2.1492507834142316,2.1498334208146246,2.589178004734549,1.6354367397436924
2026-04-07,1.991840907186042,2.145978437618523,2.1543544807618993,2.5946229982211304,1.6462649024115286
2026-04-08,2.0362647220234296,2.193839965320789,2.314947486687044,2.7880351364034603,1.6965707914981154
2026-04-09,2.048188776048951,2.2066867558126653,2.2791915872900295,2.744972084465617,1.6938306756581982
2026-04-10,2.0880902431928177,2.2496759763930636,2.3379317962072435,2.815716568875173,1.7108345617371423
2026-04-13,2.0720741551568316,2.2324204920538135,2.297255613824122,2.7667277143326467,1.6933362644736025
2026-04-14,2.0720741551568316,2.2324204920538135,2.297255613824122,2.7667277143326467,1.6933362644736025
2026-04-15,2.0895082066878934,2.2512036682256715,2.3716690532866385,2.8563484444076246,1.7239265713161436
2026-04-16,2.079268589559442,2.240171663868371,2.3634697922543104,2.846473564747443,1.724391382663292
2026-04-17,2.0947373013858708,2.256837413586378,2.4009922036075584,2.891664136826101,1.738722034287268
2026-04-20,2.09867674824502,2.261081712408326,2.409699843682684,2.9021512889642036,1.7404875691422448
2026-04-21,2.0991771160627173,2.26162080091875,2.4072278639938482,2.8991741301869163,1.7538842603452975
2026-04-22,2.101465987684684,2.264086795632232,2.4104731960413144,2.9030826852749545,1.7446025137914563
2026-04-23,2.112030808440062,2.275469169323098,2.410865200325068,2.9035548003976563,1.7389148425730416
2026-04-24,2.101695287578417,2.2643338397741224,2.391520704910174,2.8802570222740136,1.721513151114003
2026-04-27,2.1007318796084937,2.263295878999933,2.41971607522296,2.914214459135121,1.7396518144364448
2026-04-28,2.132137568278688,2.2971318798881817,2.4309530160113444,2.9277478053228294,1.7333885590408005
2026-04-29,2.1498256254764354,2.3161887178177505,2.4397218804717187,2.938308693793293,1.7465636372292535
2026-04-30,2.1344616031354877,2.2996357589243908,2.424194554873401,2.9196081705237824,1.7370577747341642
2026-05-01,2.1344616031354877,2.2996357589243908,2.424194554873401,2.9196081705237824,1.7370577747341642
2026-05-04,2.124659090016484,2.2890746836337073,2.419261532242322,2.9136670247728675,1.7469665818058997
2026-05-05,2.114404659389015,2.278026719442786,2.402809925673108,2.893853332484367,1.743946929483382
2026-05-06,2.094278970971838,2.256343615521346,2.358432233945466,2.840406520182714,1.761938488078168
2026-05-07,2.092890438706625,2.2548476324383926,2.363158947115382,2.846099194627043,1.762392716396286
2026-05-08,2.07696687347916,2.2376918307351192,2.3369378323952237,2.814519476479704,1.7579714286182218
2026-05-11,2.0829360944935646,2.244122976686624,2.3443148640689886,2.8234040942203213,1.7414135085017979
2026-05-12,2.0955305925614174,2.25769209317014,2.385721210147567,2.8732723302822847,1.7091985338254834
2026-05-13,2.0920100009822438,2.253899062517285,2.3846452338120865,2.871976465107584,1.7143390476750313
2026-05-14,2.0944416819888714,2.247284397259522,2.3946267661053695,2.8839952590457303,1.7280992212213315
2026-05-15,2.107935064411287,2.2562627509747233,2.4107616778989556,2.903425967729885,1.7251436296675091
2026-05-18,2.0951158168682062,2.2425414598328373,2.3904716224978286,2.8789894279099673,1.7000235471397296
2026-05-19,2.0980124791269112,2.2456419496281885,2.39504563203393,2.8844981839954444,1.6979277728152489
2026-05-20,2.0998392644963766,2.2475972792077084,2.397931768737303,2.8879741328326163,1.7206588174941566
2026-05-21,2.099349130068945,2.2470726558119245,2.397157147096474,2.887041209181238,1.725290022150537
2026-05-22,2.0807550388106795,2.229223075483929,2.377363845232365,2.8632035192732377,1.7310803709651492
2026-05-25,2.0807550388106795,2.229223075483929,2.377363845232365,2.8632035192732377,1.7484902018561803
2026-05-26,2.0807550388106795,2.229223075483929,2.377363845232365,2.8632035192732377,1.7436588409620062
2026-05-27,2.0807550388106795,2.229223075483929,2.377363845232365,2.8632035192732377,1.7530151618669658
2026-05-28,2.0807550388106795,2.229223075483929,2.377363845232365,2.8632035192732377,1.7530151618669658
2026-05-29,2.0807550388106795,2.229223075483929,2.377363845232365,2.8632035192732377,1.7260618871930133
2026-06-01,2.0807550388106795,2.229223075483929,2.377363845232365,2.8632035192732377,1.7260618871930133
2026-06-02,2.0807550388106795,2.229223075483929,2.377363845232365,2.8632035192732377,1.7260618871930133
2026-06-03,2.0807550388106795,2.229223075483929,2.377363845232365,2.8632035192732377,1.7260618871930133
2026-06-04,2.0807550388106795,2.229223075483929,2.377363845232365,2.8632035192732377,1.7260618871930133
2026-06-05,2.0807550388106795,2.229223075483929,2.377363845232365,2.8632035192732377,1.7260618871930133
2026-06-08,2.0807550388106795,2.229223075483929,2.377363845232365,2.8632035192732377,1.7260618871930133
2026-06-09,2.0807550388106795,2.229223075483929,2.377363845232365,2.8632035192732377,1.7260618871930133
2026-06-10,2.0807550388106795,2.229223075483929,2.377363845232365,2.8632035192732377,1.7260618871930133
2026-06-11,2.0807550388106795,2.229223075483929,2.377363845232365,2.8632035192732377,1.7260618871930133
2026-06-12,2.0807550388106795,2.229223075483929,2.377363845232365,2.8632035192732377,1.7260618871930133
2026-06-15,2.0807550388106795,2.229223075483929,2.377363845232365,2.8632035192732377,1.7260618871930133
2026-06-16,2.0807550388106795,2.229223075483929,2.377363845232365,2.8632035192732377,1.7260618871930133
2026-06-17,2.0807550388106795,2.229223075483929,2.377363845232365,2.8632035192732377,1.7260618871930133
2026-06-18,2.0807550388106795,2.229223075483929,2.377363845232365,2.8632035192732377,1.7260618871930133
2026-06-19,2.0807550388106795,2.229223075483929,2.377363845232365,2.8632035192732377,1.7260618871930133
2026-06-22,2.0807550388106795,2.229223075483929,2.377363845232365,2.8632035192732377,1.7260618871930133
2026-06-23,2.0807550388106795,2.229223075483929,2.377363845232365,2.8632035192732377,1.7260618871930133
2026-06-24,2.0807550388106795,2.229223075483929,2.377363845232365,2.8632035192732377,1.7260618871930133
2026-06-25,2.0807550388106795,2.229223075483929,2.377363845232365,2.8632035192732377,1.7260618871930133
2026-06-26,2.0807550388106795,2.229223075483929,2.377363845232365,2.8632035192732377,1.7260618871930133
2026-06-29,2.0807550388106795,2.229223075483929,2.377363845232365,2.8632035192732377,1.7260618871930133
2026-06-30,2.0807550388106795,2.229223075483929,2.377363845232365,2.8632035192732377,1.7260618871930133
2026-07-01,2.0807550388106795,2.229223075483929,2.377363845232365,2.8632035192732377,1.7260618871930133
2026-07-02,2.0807550388106795,2.229223075483929,2.377363845232365,2.8632035192732377,1.7260618871930133
2026-07-03,2.0807550388106795,2.229223075483929,2.377363845232365,2.8632035192732377,1.7260618871930133
2026-07-06,2.0807550388106795,2.229223075483929,2.377363845232365,2.8632035192732377,1.7260618871930133
2026-07-07,2.0807550388106795,2.229223075483929,2.377363845232365,2.8632035192732377,1.7260618871930133
2026-07-08,2.0807550388106795,2.229223075483929,2.377363845232365,2.8632035192732377,1.7260618871930133
2026-07-09,2.0807550388106795,2.229223075483929,2.377363845232365,2.8632035192732377,1.7260618871930133
2026-07-10,2.0807550388106795,2.229223075483929,2.377363845232365,2.8632035192732377,1.7260618871930133
2026-07-13,2.0807550388106795,2.229223075483929,2.377363845232365,2.8632035192732377,1.7260618871930133
2026-07-14,2.0807550388106795,2.229223075483929,2.377363845232365,2.8632035192732377,1.7260618871930133
2026-07-15,2.0807550388106795,2.229223075483929,2.377363845232365,2.8632035192732377,1.7260618871930133
2026-07-16,2.0807550388106795,2.229223075483929,2.377363845232365,2.8632035192732377,1.7260618871930133
2026-07-17,2.0807550388106795,2.229223075483929,2.377363845232365,2.8632035192732377,1.7260618871930133
2026-07-20,2.0807550388106795,2.229223075483929,2.377363845232365,2.8632035192732377,1.7260618871930133
2026-07-21,2.0807550388106795,2.229223075483929,2.377363845232365,2.8632035192732377,1.7260618871930133
2026-07-22,2.0807550388106795,2.229223075483929,2.377363845232365,2.8632035192732377,1.7260618871930133
2026-07-23,2.0807550388106795,2.229223075483929,2.377363845232365,2.8632035192732377,1.7260618871930133
2026-07-24,2.0807550388106795,2.229223075483929,2.377363845232365,2.8632035192732377,1.7260618871930133
